published_at_utc,title,link,publisher,headline_sentiment,sentiment_label,news_yahoo_symbol,price_yahoo_symbol
2026-05-14T18:38:03Z,Update: WTI Oil Edges Up Despite Reports Iran is Allowing Chinese Ships to Move Through the Strait of Hormuz,https://finance.yahoo.com/sectors/energy/articles/wti-oil-edges-despite-reports-183803361.html,MT Newswires,1.0,bullish,USO,CL=F
2026-05-14T13:13:35Z,"Exchange-Traded Funds, Equity Futures Advance Pre-Bell Thursday Amid US-China Meeting",https://finance.yahoo.com/markets/stocks/articles/exchange-traded-funds-equity-futures-131335219.html,MT Newswires,0.0,neutral,USO,CL=F
2026-05-14T12:44:45Z,Oil Trading Lower After Reports Iran is Allowing Chinese Ships to Move Through the Strait of Hormuz,https://finance.yahoo.com/sectors/energy/articles/oil-trading-lower-reports-iran-124445003.html,MT Newswires,-1.0,bearish,USO,CL=F
2026-05-14T09:59:39Z,Crude Oil Prices Rise as Market Awaits Outcome of U.S.-China Talks,https://finance.yahoo.com/sectors/energy/articles/crude-oil-prices-rise-market-095939280.html,MT Newswires,1.0,bullish,USO,CL=F
2026-05-13T19:30:58Z,Trump Walks Into Beijing with a New Ace Card: Iran’s Main Oil Terminal Has Gone Dark,https://247wallst.com/investing/2026/05/13/trump-walks-into-beijing-with-a-new-ace-card-irans-main-oil-terminal-has-gone-dark/,24/7 Wall St.,0.0,neutral,USO,CL=F
2026-05-13T18:39:57Z,Update: WTI Crude Oil Falls as the IEA Sees Global Inventories Dropping at a Record Pace,https://finance.yahoo.com/news/wti-crude-oil-falls-iea-183957107.html,MT Newswires,0.0,neutral,USO,CL=F
2026-05-13T13:23:55Z,Sector Update: Energy Stocks Decline Premarket Wednesday,https://finance.yahoo.com/news/sector-energy-stocks-decline-premarket-132355985.html,MT Newswires,-1.0,bearish,USO,CL=F
2026-05-13T13:13:21Z,"Exchange-Traded Funds, Equity Futures Mixed Pre-Bell Wednesday Ahead of US-China Meeting",https://finance.yahoo.com/news/exchange-traded-funds-equity-futures-131321756.html,MT Newswires,0.0,neutral,USO,CL=F
2026-05-13T12:52:55Z,Oil Edges Lower Early as the IEA Sees Global Inventories Dropping at a Record Pace,https://finance.yahoo.com/news/oil-edges-lower-early-iea-125255355.html,MT Newswires,0.0,neutral,USO,CL=F
2026-05-13T10:02:02Z,Crude Oil Prices Edge Lower as Market Awaits Middle East Ceasefire Developments,https://finance.yahoo.com/news/crude-oil-prices-edge-lower-100202918.html,MT Newswires,-1.0,bearish,USO,CL=F
2026-05-12T18:38:29Z,Update: WTI Oil Rises Again as the Shaky U.S.-Iran Ceasefire Continues to Block Persian Gulf Supply,https://finance.yahoo.com/sectors/energy/articles/wti-oil-rises-again-shaky-183829806.html,MT Newswires,0.0,neutral,USO,CL=F
2026-05-12T14:50:14Z,Oil ETFs Explained: Why Your Oil Fund Might Not Track Oil Prices,http://www.etf.com/sections/etf-basics/oil-etfs-explained-why-your-oil-fund-might-not-track-oil-prices?utm_source=yahoo-finance&utm_medium=rss&utm_campaign=yahoo-finance-rss,etf.com,0.0,neutral,USO,CL=F
2026-05-12T13:29:39Z,Sector Update: Energy Stocks Rise Premarket Tuesday,https://finance.yahoo.com/sectors/energy/articles/sector-energy-stocks-rise-premarket-132939360.html,MT Newswires,1.0,bullish,USO,CL=F
2026-05-12T12:50:48Z,Oil Rises Again as the Shaky U.S.-Iran Ceasefire Continues to Block Persian Gulf Supply,https://finance.yahoo.com/sectors/energy/articles/oil-rises-again-shaky-u-125048843.html,MT Newswires,0.0,neutral,USO,CL=F
2026-05-12T12:48:00Z,"Exchange-Traded Funds, Equity Futures Fall Pre-Bell Tuesday Amid Consumer Inflation Report Release",https://finance.yahoo.com/markets/stocks/articles/exchange-traded-funds-equity-futures-124800218.html,MT Newswires,-1.0,bearish,USO,CL=F
2026-05-12T09:37:49Z,Crude Oil Prices Climb as Supply Concerns Escalate Amid Lack of Peace Deal,https://finance.yahoo.com/sectors/energy/articles/crude-oil-prices-climb-supply-093749761.html,MT Newswires,-1.0,bearish,USO,CL=F
2026-05-11T18:35:49Z,Update: WTI Oil Rises as the United States Rejects Iran's Response to Its Peace Proposal,https://finance.yahoo.com/sectors/energy/articles/wti-oil-rises-united-states-183549901.html,MT Newswires,1.0,bullish,USO,CL=F
2026-05-11T13:28:13Z,Sector Update: Energy Stocks Edge Higher Premarket Monday,https://finance.yahoo.com/sectors/energy/articles/sector-energy-stocks-edge-higher-132813300.html,MT Newswires,1.0,bullish,USO,CL=F
2026-05-11T13:07:25Z,"Exchange-Traded Funds, Equity Futures Mixed Pre-Bell Monday as Trump Rejects Reported Iran Proposal",https://finance.yahoo.com/markets/stocks/articles/exchange-traded-funds-equity-futures-130725999.html,MT Newswires,0.0,neutral,USO,CL=F
2026-05-11T12:42:20Z,Oil Rises as the United States Rejects Iran's Response to Its Peace Proposal,https://finance.yahoo.com/sectors/energy/articles/oil-rises-united-states-rejects-124220120.html,MT Newswires,1.0,bullish,USO,CL=F
2026-05-08T14:39:00Z,"3 Market Themes Driving Stocks Right Now: AI, Alt Energy and Commodities",https://finance.yahoo.com/markets/stocks/articles/3-market-themes-driving-stocks-143900163.html,Zacks,0.0,neutral,USO,CL=F
2026-05-08T14:30:00Z,Market Minute 5-8-26- Will Ceasefire Hold Amid New Clashes,https://finance.yahoo.com/economy/articles/market-minute-5-8-26-143000144.html,MoneyShow,0.0,neutral,USO,CL=F
2026-05-08T13:27:21Z,Sector Update: Energy Stocks Lean Lower Premarket Friday,https://finance.yahoo.com/sectors/energy/articles/sector-energy-stocks-lean-lower-132721885.html,MT Newswires,-1.0,bearish,USO,CL=F
2026-05-08T12:53:03Z,"Exchange-Traded Funds, Equity Futures Higher Pre-Bell Friday Amid Employment Data",https://finance.yahoo.com/markets/stocks/articles/exchange-traded-funds-equity-futures-125303923.html,MT Newswires,1.0,bullish,USO,CL=F
2026-05-07T16:30:00Z,"MoneyMasters Podcast 5-7-26- As 60-40 Investing Fails, Expect a ""Great Migration""",https://finance.yahoo.com/markets/commodities/articles/moneymasters-podcast-5-7-26-163000639.html,MoneyShow,0.0,neutral,USO,CL=F
2026-05-07T13:27:40Z,Sector Update: Energy Stocks Decline Pre-Bell Thursday,https://finance.yahoo.com/sectors/energy/articles/sector-energy-stocks-decline-pre-132740840.html,MT Newswires,-1.0,bearish,USO,CL=F
2026-05-07T12:50:32Z,"Exchange-Traded Funds, Equity Futures Higher Pre-Bell Thursday Amid Corporate Earnings, Economic Data Deluge",https://finance.yahoo.com/markets/stocks/articles/exchange-traded-funds-equity-futures-125032677.html,MT Newswires,1.0,bullish,USO,CL=F
2026-05-07T09:47:23Z,Crude Oil Prices Drop as Market Hopes for U.S.-Iran Peace Deal,https://finance.yahoo.com/sectors/energy/articles/crude-oil-prices-drop-market-094723384.html,MT Newswires,-1.0,bearish,USO,CL=F
2026-05-06T18:44:18Z,"USO and BNO Have Soared 100% Plus in 2026, Here’s the Better Pick for Next",https://247wallst.com/investing/2026/05/06/uso-and-bno-have-soared-100-plus-in-2026-heres-the-better-pick-for-next/,24/7 Wall St.,1.0,bullish,USO,CL=F
2026-05-06T18:39:57Z,Update: WTI Oil Plunges Following Reports the U.S. and Iran May Be Close to a Peace Deal,https://finance.yahoo.com/sectors/energy/articles/wti-oil-plunges-following-reports-183957682.html,MT Newswires,0.0,neutral,USO,CL=F
2026-05-06T14:15:00Z,"Market Minute 5-6-26- Stocks Soar, Oil Tanks on New Talks",https://finance.yahoo.com/markets/stocks/articles/market-minute-5-6-26-141500199.html,MoneyShow,1.0,bullish,USO,CL=F
2026-05-06T14:00:00Z,Time for Short-Term U.S. Treasury ETFs?,https://finance.yahoo.com/markets/options/articles/time-short-term-u-treasury-140000316.html,Zacks,0.0,neutral,USO,CL=F
2026-05-06T13:22:16Z,Sector Update: Energy Stocks Fall Pre-Bell Wednesday,https://finance.yahoo.com/sectors/energy/articles/sector-energy-stocks-fall-pre-132216553.html,MT Newswires,-1.0,bearish,USO,CL=F
2026-05-06T13:10:14Z,Oil Prices Plunge Following Reports the U.S. and Iran May Be Close to a Peace Deal,https://finance.yahoo.com/sectors/energy/articles/oil-prices-plunge-following-reports-131014110.html,MT Newswires,-1.0,bearish,USO,CL=F
2026-05-06T12:32:33Z,"Exchange-Traded Funds, Equity Futures Higher Pre-Bell Wednesday Amid Potential US-Iran Truce",https://finance.yahoo.com/markets/stocks/articles/exchange-traded-funds-equity-futures-123233630.html,MT Newswires,1.0,bullish,USO,CL=F
2026-05-06T10:06:57Z,"Crude Oil Exports from Other Producing Countries Rise Amid Middle East War, Commerzbank Says",https://finance.yahoo.com/sectors/energy/articles/crude-oil-exports-other-producing-100657768.html,MT Newswires,1.0,bullish,USO,CL=F
2026-05-06T05:01:00Z,"Fed Policy, Higher Energy Prices, and the Road Ahead",https://finance.yahoo.com/economy/policy/articles/fed-policy-higher-energy-prices-050100148.html,MoneyShow,1.0,bullish,USO,CL=F
2026-05-05T20:18:00Z,Oil Prices Fall as Pentagon Downplays Latest Iranian Missile Attacks,https://www.barrons.com/articles/oil-prices-today-hegseth-hormuz-plan-maersk-b4100a27?siteid=yhoof2&yptr=yahoo,Barrons.com,-1.0,bearish,USO,CL=F
2026-05-05T18:37:49Z,Update: WTI Crude Oil Falls as the Iran War Ceasefire Holds After Monday's Attacks,https://finance.yahoo.com/sectors/energy/articles/wti-crude-oil-falls-iran-183749555.html,MT Newswires,-1.0,bearish,USO,CL=F
2026-05-05T14:15:00Z,"Market Minute 5-5-26- Palantir Profits, Coinbase Cuts, Yields in Focus",https://finance.yahoo.com/markets/articles/market-minute-5-5-26-141500944.html,MoneyShow,-1.0,bearish,USO,CL=F
2026-05-05T12:47:45Z,Oil Prices Ease as the Iran War Ceasefire Holds After Monday's Attacks,https://finance.yahoo.com/sectors/energy/articles/oil-prices-ease-iran-war-124745604.html,MT Newswires,0.0,neutral,USO,CL=F
2026-05-05T12:22:41Z,"Exchange-Traded Funds, Equity Futures Higher Pre-Bell Tuesday Amid Corporate Earnings Rush",https://finance.yahoo.com/markets/stocks/articles/exchange-traded-funds-equity-futures-122241417.html,MT Newswires,1.0,bullish,USO,CL=F
2026-05-05T12:00:00Z,Best-Performing ETFs of April,https://finance.yahoo.com/markets/stocks/articles/best-performing-etfs-april-120000860.html,Zacks,0.0,neutral,USO,CL=F
2026-05-04T18:43:41Z,Update: WTI Oil Moves Higher on Escalating Middle East Violence,https://finance.yahoo.com/sectors/energy/articles/wti-oil-moves-higher-escalating-184341328.html,MT Newswires,1.0,bullish,USO,CL=F
2026-05-04T16:00:00Z,3 Leveraged ETF Areas of April That Are Up At least 150%,https://finance.yahoo.com/markets/stocks/articles/3-leveraged-etf-areas-april-160000712.html,Zacks,1.0,bullish,USO,CL=F
2026-05-04T14:15:00Z,Market Minute 5-4-26- Oil Nears Highs on Fresh War Worries,https://finance.yahoo.com/markets/commodities/articles/market-minute-5-4-26-141500026.html,MoneyShow,0.0,neutral,USO,CL=F
2026-05-04T13:29:10Z,Sector Update: Energy Stocks Decline Premarket Monday,https://finance.yahoo.com/sectors/energy/articles/sector-energy-stocks-decline-premarket-132910387.html,MT Newswires,-1.0,bearish,USO,CL=F
2026-05-04T13:04:47Z,"Exchange-Traded Funds, Equity Futures Lower Pre-Bell Monday as US-Iran Tensions Escalate Near Strait of Hormuz",https://finance.yahoo.com/markets/stocks/articles/exchange-traded-funds-equity-futures-130447905.html,MT Newswires,-1.0,bearish,USO,CL=F
2026-05-04T12:55:00Z,2 ETFs to Play Both Sides of the Iran War Ceasefire,https://www.marketbeat.com/originals/2-etfs-to-play-both-sides-of-the-iran-war-ceasefire/?utm_source=yahoofinance&utm_medium=yahoofinance,MarketBeat,0.0,neutral,USO,CL=F
2026-05-01T18:46:07Z,Update: WTI Oil Falls As Iran Offers New Peace Plan,https://finance.yahoo.com/sectors/energy/articles/wti-oil-falls-iran-offers-184607703.html,MT Newswires,-1.0,bearish,USO,CL=F
2026-05-01T14:36:00Z,"The Navy, Not the Fed, Is Now the Most Important Player in the U.S. Economy",https://www.barrons.com/articles/navy-us-economy-fed-treasury-oil-iran-51a09f19?siteid=yhoof2&yptr=yahoo,Barrons.com,0.0,neutral,USO,CL=F
2026-05-01T13:21:54Z,"Exchange-Traded Funds Higher, Equity Futures Mixed Amid Continued Earnings Results",https://finance.yahoo.com/markets/stocks/articles/exchange-traded-funds-higher-equity-132154542.html,MT Newswires,1.0,bullish,USO,CL=F
2026-05-01T12:00:00Z,"Considering ""Sell in May?"" 5 ETFs to Buy Instead",https://finance.yahoo.com/markets/stocks/articles/considering-sell-may-5-etfs-120000052.html,Zacks,0.0,neutral,USO,CL=F
2026-04-30T13:19:41Z,Sector Update: Energy Stocks Decline Premarket Thursday,https://finance.yahoo.com/sectors/energy/articles/sector-energy-stocks-decline-premarket-131941481.html,MT Newswires,-1.0,bearish,USO,CL=F
2026-04-30T12:26:08Z,"Exchange-Traded Funds, Equity Futures Higher Pre-Bell Thursday Amid Big Tech Earnings, Economic Data",https://finance.yahoo.com/markets/stocks/articles/exchange-traded-funds-equity-futures-122608330.html,MT Newswires,1.0,bullish,USO,CL=F
2026-04-30T09:45:12Z,Crude Oil Prices Surge Amid Concerns About Escalation in U.S.-Iran War,https://finance.yahoo.com/sectors/energy/articles/crude-oil-prices-surge-amid-094512899.html,MT Newswires,1.0,bullish,USO,CL=F
2026-04-29T15:50:26Z,U.A.E's OPEC Withdrawal Likely to Begin Lowering Oil Prices by 2027,https://finance.yahoo.com/sectors/energy/articles/u-e-apos-opec-withdrawal-155026701.html,MT Newswires,0.0,neutral,USO,CL=F
2026-04-29T13:19:54Z,Sector Update: Energy Stocks Edge Higher Pre-Bell Wednesday,https://finance.yahoo.com/sectors/energy/articles/sector-energy-stocks-edge-higher-131954871.html,MT Newswires,1.0,bullish,USO,CL=F
2026-04-29T13:18:53Z,"Exchange-Traded Funds Higher, Equity Futures Mixed Pre-Bell Wednesday Ahead of Fed Policy Decision",https://finance.yahoo.com/markets/stocks/articles/exchange-traded-funds-higher-equity-131853356.html,MT Newswires,1.0,bullish,USO,CL=F
2026-04-29T12:41:23Z,Oil Prices Firm Above US$100 With No End to the Iran War in Sight,https://finance.yahoo.com/sectors/energy/articles/oil-prices-firm-above-us-124123494.html,MT Newswires,0.0,neutral,USO,CL=F
2026-04-29T10:09:51Z,"Crude Oil Prices Continue Rising as Strait of Hormuz Remains Blocked, Commerzbank Says",https://finance.yahoo.com/markets/commodities/articles/crude-oil-prices-continue-rising-100951046.html,MT Newswires,1.0,bullish,USO,CL=F
2026-04-29T09:45:07Z,"Crude Oil Prices Surge as U.S. Plans to Extend Iran Blockade, Fueling Supply Worries",https://finance.yahoo.com/sectors/energy/articles/crude-oil-prices-surge-u-094507367.html,MT Newswires,0.0,neutral,USO,CL=F
2026-04-28T18:43:26Z,Update: WTI Rises as Progress on Ending the Iran War Stalls; the UAE Ends Its OPEC Membership,https://finance.yahoo.com/sectors/energy/articles/wti-rises-progress-ending-iran-184326587.html,MT Newswires,1.0,bullish,USO,CL=F
2026-04-28T13:25:50Z,Sector Update: Energy Stocks Higher Pre-Bell Tuesday,https://finance.yahoo.com/sectors/energy/articles/sector-energy-stocks-higher-pre-132550352.html,MT Newswires,1.0,bullish,USO,CL=F
2026-04-28T13:12:46Z,Market Chatter: United Arab Emirates Says It Will Leave OPEC Effective May 1,https://finance.yahoo.com/sectors/energy/articles/market-chatter-united-arab-emirates-131246356.html,MT Newswires,0.0,neutral,USO,CL=F
2026-04-28T12:44:14Z,Oil Prices Jump as Progress on Ending the Iran War Stalls,https://finance.yahoo.com/sectors/energy/articles/oil-prices-jump-progress-ending-124414196.html,MT Newswires,0.0,neutral,USO,CL=F
2026-04-28T12:33:47Z,"Exchange-Traded Funds Lower, Equity Futures Mixed Pre-Bell Tuesday Amid Higher Oil Prices, Earnings Deluge",https://finance.yahoo.com/markets/stocks/articles/exchange-traded-funds-lower-equity-123347031.html,MT Newswires,0.0,neutral,USO,CL=F
2026-04-28T09:34:22Z,"Crude Oil Prices Jump Amid Stalled Talks Between U.S., Iran",https://finance.yahoo.com/sectors/energy/articles/crude-oil-prices-jump-amid-093422563.html,MT Newswires,0.0,neutral,USO,CL=F
2026-04-27T18:39:10Z,Update: WTI Oil Rises as Expected Talks Between Iran and the U.S. Fail to Take Place,https://finance.yahoo.com/sectors/energy/articles/wti-oil-rises-expected-talks-183910701.html,MT Newswires,1.0,bullish,USO,CL=F
2026-04-27T13:24:39Z,Sector Update: Energy Stocks Advance Premarket Monday,https://finance.yahoo.com/sectors/energy/articles/sector-energy-stocks-advance-premarket-132439439.html,MT Newswires,0.0,neutral,USO,CL=F
2026-04-27T13:09:34Z,"Exchange-Traded Funds Down, Equity Futures Mixed Pre-Bell Monday Amid Hormuz Uncertainty, Corporate Earnings",https://finance.yahoo.com/markets/stocks/articles/exchange-traded-funds-down-equity-130934447.html,MT Newswires,-1.0,bearish,USO,CL=F
2026-04-26T19:38:00Z,The Last Major Obstacle to Warsh’s Confirmation as Fed Chair Has Finally Been Removed,https://www.barrons.com/articles/kevin-warsh-fed-chair-vote-tillis-block-e45ceb37?siteid=yhoof2&yptr=yahoo,Barrons.com,0.0,neutral,USO,CL=F
2026-04-24T13:08:02Z,"Exchange-Traded Funds Rise, Equity Futures Mixed Pre-Bell as Traders Assess Tech Earnings Amid Global Uncertainty",https://finance.yahoo.com/markets/stocks/articles/exchange-traded-funds-rise-equity-130802590.html,MT Newswires,1.0,bullish,USO,CL=F
2026-04-23T18:39:11Z,Update: WTI Oil Closes Higher as the Prospects for a Peace Deal in the Iran War Stall,https://finance.yahoo.com/sectors/energy/articles/wti-oil-closes-higher-prospects-183911730.html,MT Newswires,1.0,bullish,USO,CL=F
2026-04-23T16:30:00Z,MoneyMasters Podcast 4-23-26- Are You Focusing on the Wrong Things in this Market,https://finance.yahoo.com/markets/stocks/articles/moneymasters-podcast-4-23-26-163000431.html,MoneyShow,0.0,neutral,USO,CL=F
2026-04-23T13:25:45Z,Sector Update: Energy Stocks Edge Higher Premarket Thursday,https://finance.yahoo.com/sectors/energy/articles/sector-energy-stocks-edge-higher-132545636.html,MT Newswires,1.0,bullish,USO,CL=F
2026-04-23T13:14:52Z,"Exchange-Traded Funds, Equity Futures Lower Pre-Bell Thursday Amid Stalled US-Iran Talks",https://finance.yahoo.com/markets/stocks/articles/exchange-traded-funds-equity-futures-131452787.html,MT Newswires,-1.0,bearish,USO,CL=F
2026-04-23T12:40:09Z,Oil Edges Higher as the Prospect for a Peace Deal in the Iran War Stalls,https://finance.yahoo.com/markets/commodities/articles/oil-edges-higher-prospect-peace-124009347.html,MT Newswires,1.0,bullish,USO,CL=F
2026-04-22T14:20:00Z,Market Minute 4-22-26- Apple Shifts CEOs; AI Plays Mixed,https://finance.yahoo.com/markets/stocks/articles/market-minute-4-22-26-142000539.html,MoneyShow,0.0,neutral,USO,CL=F
2026-04-22T13:23:01Z,Sector Update: Energy Stocks Edge Higher Premarket Wednesday,https://finance.yahoo.com/sectors/energy/articles/sector-energy-stocks-edge-higher-132301536.html,MT Newswires,1.0,bullish,USO,CL=F
2026-04-22T13:14:24Z,"Exchange-Traded Funds, Equity Futures Higher Pre-Bell Wednesday Amid Extended US-Iran Ceasefire",https://finance.yahoo.com/markets/stocks/articles/exchange-traded-funds-equity-futures-131424366.html,MT Newswires,1.0,bullish,USO,CL=F
2026-04-22T10:04:53Z,"Europe Faces Jet Fuel Shortage Amid Middle East War, Commerzbank Says",https://finance.yahoo.com/sectors/energy/articles/europe-faces-jet-fuel-shortage-100453864.html,MT Newswires,0.0,neutral,USO,CL=F
2026-04-21T13:24:15Z,Sector Update: Energy Stocks Edge Higher Premarket Tuesday,https://finance.yahoo.com/sectors/energy/articles/sector-energy-stocks-edge-higher-132415500.html,MT Newswires,1.0,bullish,USO,CL=F
2026-04-21T13:06:22Z,"Exchange-Traded Funds, Equity Futures Higher Pre-Bell Tuesday Amid Second Round of US-Iran Talks",https://finance.yahoo.com/markets/stocks/articles/exchange-traded-funds-equity-futures-130622104.html,MT Newswires,1.0,bullish,USO,CL=F
2026-04-21T09:48:52Z,Crude Oil Prices Decline on Optimism About U.S.-Iran Peace Talks,https://finance.yahoo.com/markets/commodities/articles/crude-oil-prices-decline-optimism-094852984.html,MT Newswires,0.0,neutral,USO,CL=F
2026-04-20T14:20:00Z,"Market Minute 4-20-26- Oil Pops, Stocks Slide on Fading Peace Hopes",https://finance.yahoo.com/markets/stocks/articles/market-minute-4-20-26-142000235.html,MoneyShow,0.0,neutral,USO,CL=F
2026-04-20T13:10:28Z,"Exchange-Traded Funds, Equity Futures Lower Pre-Bell Monday as Oil Prices Rise on Renewed Middle East Tensions",https://finance.yahoo.com/markets/stocks/articles/exchange-traded-funds-equity-futures-131028007.html,MT Newswires,0.0,neutral,USO,CL=F
2026-04-20T04:01:00Z,Why Clean Energy ETFs Have Wind in Their Sails,https://www.thedailyupside.com/etf/thematics-sectors/why-clean-energy-etfs-have-wind-in-their-sails/,The Daily Upside,0.0,neutral,USO,CL=F
2026-04-17T18:46:49Z,Update: WTI Oil Plunges 11% as Iran Reopens the Strait of Hormuz to Commercial Shipping,https://finance.yahoo.com/sectors/energy/articles/wti-oil-plunges-11-iran-184649111.html,MT Newswires,0.0,neutral,USO,CL=F
2026-04-17T18:00:52Z,Buy This ETF Before the Empty Oil Tankers Reach U.S. Shores,https://247wallst.com/investing/2026/04/17/buy-this-etf-before-the-empty-oil-tankers-reach-u-s-shores/,24/7 Wall St.,0.0,neutral,USO,CL=F
2026-04-17T13:43:46Z,Update: Oil Prices Plunge as Iran Reopens the Strait of Hormuz to Commercial Shipping,https://finance.yahoo.com/sectors/energy/articles/oil-prices-plunge-iran-reopens-134346466.html,MT Newswires,-1.0,bearish,USO,CL=F
2026-04-17T13:29:06Z,Sector Update: Energy Stocks Lower Pre-Bell Friday,https://finance.yahoo.com/sectors/energy/articles/sector-energy-stocks-lower-pre-132906900.html,MT Newswires,-1.0,bearish,USO,CL=F
2026-04-17T12:22:37Z,"Exchange-Traded Funds, Equity Futures Higher Pre-Bell Friday as Investors Take Positions Amid Corporate Earnings",https://finance.yahoo.com/markets/stocks/articles/exchange-traded-funds-equity-futures-122237305.html,MT Newswires,1.0,bullish,USO,CL=F
2026-04-16T19:59:00Z,Trump Says Oil Prices Are Coming Down. Why That Was Only Half True Today.,https://www.barrons.com/articles/oil-prices-today-brent-wti-stock-market-39261552?siteid=yhoof2&yptr=yahoo,Barrons.com,-1.0,bearish,USO,CL=F
2026-04-16T18:45:42Z,"Update: WTI Oil Moves Higher, But Remains Under US$100 on Hopes For Talks Between the U.S. and Iran",https://finance.yahoo.com/sectors/energy/articles/wti-oil-moves-higher-remains-184542052.html,MT Newswires,1.0,bullish,USO,CL=F
2026-04-16T16:30:00Z,"MoneyMasters Podcast 4-16-26- SP 500 Volatility, Midterms,  the Fed's Next Move",https://finance.yahoo.com/markets/stocks/articles/moneymasters-podcast-4-16-26-163000991.html,MoneyShow,0.0,neutral,USO,CL=F
2026-04-16T13:29:32Z,Sector Update: Energy Stocks Rise Premarket Thursday,https://finance.yahoo.com/sectors/energy/articles/sector-energy-stocks-rise-premarket-132932259.html,MT Newswires,1.0,bullish,USO,CL=F
2026-04-16T13:10:56Z,"Oil Moves Higher, But Remains Under US$100 on Hopes Around Talks Between the U.S. and Iran",https://finance.yahoo.com/markets/commodities/articles/oil-moves-higher-remains-under-131056695.html,MT Newswires,1.0,bullish,USO,CL=F
2026-04-16T13:10:13Z,"Exchange-Traded Funds, Equity Futures Higher Pre-Bell Thursday Amid Incoming Economic Data Releases",https://finance.yahoo.com/markets/stocks/articles/exchange-traded-funds-equity-futures-131013078.html,MT Newswires,1.0,bullish,USO,CL=F
2026-04-16T12:00:47Z,This Easy-To-Overlook ETF Soars 663% As It Wins From Iran War,https://www.investors.com/etfs-and-funds/etfs/sp500-this-easy-to-overlook-etf-soars-as-it-wins-from-iran-war/?src=A00220&yptr=yahoo,Investor's Business Daily,1.0,bullish,USO,CL=F
2026-04-15T16:33:00Z,Traders Are ‘Pulling the Plug’ on Energy Stocks. Where They’re Putting Money Instead.,https://www.barrons.com/articles/energy-stocks-funds-e7a568d5?siteid=yhoof2&yptr=yahoo,Barrons.com,0.0,neutral,USO,CL=F
2026-04-15T13:28:55Z,Sector Update: Energy Stocks Lean Lower Premarket Wednesday,https://finance.yahoo.com/sectors/energy/articles/sector-energy-stocks-lean-lower-132855631.html,MT Newswires,-1.0,bearish,USO,CL=F
2026-04-15T13:19:29Z,"Exchange-Traded Funds, Equity Futures Higher Pre-Bell Wednesday as Investors Turn to Corporate Earnings",https://finance.yahoo.com/markets/stocks/articles/exchange-traded-funds-equity-futures-131929474.html,MT Newswires,1.0,bullish,USO,CL=F
2026-04-15T10:00:46Z,"Signs Of Tightness Abound Ahead Of Impacts Of U.S. Blockade, Commerzbank Says",https://finance.yahoo.com/sectors/energy/articles/signs-tightness-abound-ahead-impacts-100046038.html,MT Newswires,0.0,neutral,USO,CL=F
2026-04-15T06:23:00Z,"Zacks Investment Ideas feature highlights: United States Oil Fund, CoreWeave, Nebius, Bloom Energy and Oracle",https://finance.yahoo.com/markets/stocks/articles/zacks-investment-ideas-feature-highlights-062300272.html,Zacks,0.0,neutral,USO,CL=F
2026-04-14T16:00:00Z,Oil to Slip on Demand Woes or Hold on Supply Risks? ETFs in Focus,https://finance.yahoo.com/sectors/energy/articles/oil-slip-demand-woes-hold-160000742.html,Zacks,0.0,neutral,USO,CL=F
2026-04-14T14:15:00Z,Market Minute 4-14-26- Big Finance Delivers Big Profits,https://finance.yahoo.com/markets/stocks/articles/market-minute-4-14-26-141500793.html,MoneyShow,0.0,neutral,USO,CL=F
2026-04-14T13:42:16Z,Oil Prices Slide As Fear Subsides Amid Hopes For U.S.-Iran Talks,https://www.investors.com/news/oil-prices-slide-us-blockade-iran-nuclear-talks-china-saudi-arabia-sp-500/?src=A00220&yptr=yahoo,Investor's Business Daily,0.0,neutral,USO,CL=F
2026-04-14T13:28:19Z,Sector Update: Energy Stocks Lean Lower Premarket Tuesday,https://finance.yahoo.com/sectors/energy/articles/sector-energy-stocks-lean-lower-132819341.html,MT Newswires,-1.0,bearish,USO,CL=F
2026-04-14T13:20:20Z,"Exchange-Traded Funds, Equity Futures Lower Pre-Bell Tuesday Amid Hopes of Long-Term US-Iran Truce",https://finance.yahoo.com/markets/stocks/articles/exchange-traded-funds-equity-futures-132020547.html,MT Newswires,-1.0,bearish,USO,CL=F
2026-04-14T05:09:00Z,Bet on Peace? Why Investors Should Fade Iran Conflict Fears,https://finance.yahoo.com/markets/stocks/articles/bet-peace-why-investors-fade-050900432.html,Zacks,0.0,neutral,USO,CL=F
2026-04-13T21:03:00Z,Oil Prices Slip Below $100 as Two Ships Turn Back From U.S. Blockade,https://www.barrons.com/articles/hormuz-blockade-oil-price-today-d5221947?siteid=yhoof2&yptr=yahoo,Barrons.com,0.0,neutral,USO,CL=F
2026-04-13T18:39:31Z,Update: WTI Oil Settles Below US$100 As U.S. And Iran Fail To Reach A Deal; U.S. Promises To Blockade Iran,https://finance.yahoo.com/sectors/energy/articles/wti-oil-settles-below-us-183931785.html,MT Newswires,0.0,neutral,USO,CL=F
2026-04-13T13:27:01Z,Sector Update: Energy Stocks Rise Premarket Monday,https://finance.yahoo.com/sectors/energy/articles/sector-energy-stocks-rise-premarket-132701429.html,MT Newswires,1.0,bullish,USO,CL=F
2026-04-13T13:12:30Z,"Exchange-Traded Funds, Equity Futures Lower Pre-Bell Monday as Trump Prepares to Block Strait of Hormuz",https://finance.yahoo.com/markets/stocks/articles/exchange-traded-funds-equity-futures-131230625.html,MT Newswires,-1.0,bearish,USO,CL=F
2026-04-13T12:45:02Z,Oil Pushes Back Above US$100 As U.S. And Iran Fail To Reach Peace Deal; U.S. Promises To Blockade Iran,https://finance.yahoo.com/markets/commodities/articles/oil-pushes-back-above-us-124502555.html,MT Newswires,0.0,neutral,USO,CL=F
2026-04-13T09:56:15Z,"Crude Oil Prices Jump After U.S. Announced Strait of Hormuz Blockade, Lack of Ceasefire Deal",https://finance.yahoo.com/markets/commodities/articles/crude-oil-prices-jump-u-095615188.html,MT Newswires,0.0,neutral,USO,CL=F
2026-04-11T07:54:37Z,"Mystery surrounds Iran’s new Supreme Leader as ""disfiguring"" injuries confirmed",https://www.yahoo.com/news/articles/mystery-surrounds-iran-supreme-leader-075437460.html,Investing.com,0.0,neutral,USO,CL=F
2026-04-10T18:38:52Z,Update: WTI Oil Closes Lower Amid a Shaky Ceasefire Between the U.S. and Iran,https://finance.yahoo.com/sectors/energy/articles/wti-oil-closes-lower-amid-183852810.html,MT Newswires,-1.0,bearish,USO,CL=F
2026-04-10T13:15:18Z,"Exchange-Traded Funds Higher, Equity Futures Mixed Pre-Bell Amid Lingering Geopolitical Uncertainty, CPI Focus",https://finance.yahoo.com/markets/stocks/articles/exchange-traded-funds-higher-equity-131518323.html,MT Newswires,1.0,bullish,USO,CL=F
2026-04-10T12:57:22Z,Oil Edges Lower Amid a Shaky Ceasefire Between the U.S. and Iran as Israel Continues to Attack Lebanon,https://finance.yahoo.com/markets/commodities/articles/oil-edges-lower-amid-shaky-125722381.html,MT Newswires,-1.0,bearish,USO,CL=F
2026-04-10T09:50:06Z,Crude Oil Prices Rise as Attacks on Saudi Infrastructure Exacerbate Supply Concerns,https://finance.yahoo.com/sectors/energy/articles/crude-oil-prices-rise-attacks-095006232.html,MT Newswires,0.0,neutral,USO,CL=F
2026-04-09T18:43:07Z,Update: WTI Rises as the Strait of Hormuz Remains Closed Amid Disputes Over the Terms of the Ceasefire Deal,https://finance.yahoo.com/sectors/energy/articles/wti-rises-strait-hormuz-remains-184307266.html,MT Newswires,1.0,bullish,USO,CL=F
2026-04-09T15:47:28Z,"Oil Prices Hit $100 With Hormuz Closed Despite Ceasefire, But S&P 500 Diverges",https://www.investors.com/news/oil-prices-100-barrel-hormuz-iran-ceasefire-sp-500/?src=A00220&yptr=yahoo,Investor's Business Daily,0.0,neutral,USO,CL=F
2026-04-09T14:45:00Z,4 Oil ETFs Riding the Crude Price Surge: What Investors Should Know,https://www.marketbeat.com/stock-ideas/4-oil-etfs-riding-the-crude-price-surge-what-investors-should-know/?utm_source=yahoofinance&utm_medium=yahoofinance,MarketBeat,1.0,bullish,USO,CL=F
2026-04-09T13:26:36Z,Sector Update: Energy Stocks Advance Pre-Bell Thursday,https://finance.yahoo.com/sectors/energy/articles/sector-energy-stocks-advance-pre-132636637.html,MT Newswires,0.0,neutral,USO,CL=F
2026-04-09T13:16:33Z,"Exchange-Traded Funds, Equity Futures Lower Pre-Bell Thursday as Fragile Middle East Ceasefire Lifts Oil Prices",https://finance.yahoo.com/markets/stocks/articles/exchange-traded-funds-equity-futures-131633339.html,MT Newswires,-1.0,bearish,USO,CL=F
2026-04-09T13:14:54Z,Oil Prices Rise as Strait of Hormuz Remains Closed Amid Disputes Over Terms of U.S. and Iran Ceasefire Deal,https://finance.yahoo.com/sectors/energy/articles/oil-prices-rise-strait-hormuz-131454881.html,MT Newswires,1.0,bullish,USO,CL=F
2026-04-09T09:55:52Z,"Oil Prices Still Higher than Pre-Iran War Levels Amid Uncertainty About Ceasefire, Commerzbank Says",https://finance.yahoo.com/sectors/energy/articles/oil-prices-still-higher-pre-095552119.html,MT Newswires,1.0,bullish,USO,CL=F
2026-04-09T09:35:34Z,"Crude Oil Prices Rise as Geopolitical Risk, Supply Concerns Remain Despite Ceasefire",https://finance.yahoo.com/sectors/energy/articles/crude-oil-prices-rise-geopolitical-093534036.html,MT Newswires,0.0,neutral,USO,CL=F
2026-04-08T14:37:00Z,Oil Is Falling. This Options Strategy Is Risky—But Could Pay Off Big.,https://www.barrons.com/articles/oil-volatility-options-strategy-risky-payoff-big-2b0b513b?siteid=yhoof2&yptr=yahoo,Barrons.com,-1.0,bearish,USO,CL=F
2026-04-08T13:28:15Z,Sector Update: Energy Stocks Fall Premarket Wednesday,https://finance.yahoo.com/sectors/energy/articles/sector-energy-stocks-fall-premarket-132815997.html,MT Newswires,-1.0,bearish,USO,CL=F
2026-04-08T12:50:23Z,"Exchange-Traded Funds, Equity Futures Higher Pre-Bell Wednesday Amid Two-Week US-Iran Ceasefire",https://finance.yahoo.com/markets/stocks/articles/exchange-traded-funds-equity-futures-125023363.html,MT Newswires,1.0,bullish,USO,CL=F
2026-04-08T11:00:00Z,Best-Performing ETF Areas of March,https://finance.yahoo.com/markets/commodities/articles/best-performing-etf-areas-march-110000390.html,Zacks,0.0,neutral,USO,CL=F
2026-04-08T10:01:38Z,EIA Looks at Implications of Strait of Hormuz Closure in Latest Short-Term Energy Outlook,https://finance.yahoo.com/sectors/energy/articles/eia-looks-implications-strait-hormuz-100138562.html,MT Newswires,0.0,neutral,USO,CL=F
2026-04-08T09:42:21Z,Crude Oil Prices Plummet Following Iran War Ceasefire Announcement,https://finance.yahoo.com/sectors/energy/articles/crude-oil-prices-plummet-following-094221156.html,MT Newswires,0.0,neutral,USO,CL=F
2026-04-07T13:01:36Z,"Exchange-Traded Funds, Equity Futures Lower Pre-Bell Tuesday Ahead of Trump's Hormuz Reopening Deadline",https://finance.yahoo.com/markets/stocks/articles/exchange-traded-funds-equity-futures-130136759.html,MT Newswires,-1.0,bearish,USO,CL=F
2026-04-07T12:11:06Z,1 chart reveals how 'Magnificent 7' fortunes have fallen,https://finance.yahoo.com/news/1-chart-reveals-how-magnificent-7-fortunes-have-fallen-121106771.html,Yahoo Finance,0.0,neutral,USO,CL=F
2026-04-07T09:51:34Z,Crude Oil Prices Remain High as Iran Refuses to Yield to Pressure to Reopen Strait of Hormuz,https://finance.yahoo.com/markets/commodities/articles/crude-oil-prices-remain-high-095134068.html,MT Newswires,1.0,bullish,USO,CL=F
2026-04-06T18:40:03Z,Update: WTI Oil Rises as Iran Rejects a U.S. Ceasefire Offer,https://finance.yahoo.com/sectors/energy/articles/wti-oil-rises-iran-rejects-184003364.html,MT Newswires,1.0,bullish,USO,CL=F
2026-04-06T14:15:00Z,"Market Minute 4-6-26- Shifting Deadlines, More Attacks Keep Markets on Edge",https://finance.yahoo.com/markets/stocks/articles/market-minute-4-6-26-141500323.html,MoneyShow,0.0,neutral,USO,CL=F
2026-04-06T13:29:13Z,Sector Update: Energy Stocks Lean Lower Pre-Bell Monday,https://finance.yahoo.com/sectors/energy/articles/sector-energy-stocks-lean-lower-132913922.html,MT Newswires,-1.0,bearish,USO,CL=F
2026-04-06T12:56:27Z,"Exchange-Traded Funds Higher, Equity Futures Mixed Pre-Bell Monday Amid Ongoing Iran Conflict",https://finance.yahoo.com/markets/stocks/articles/exchange-traded-funds-higher-equity-125627251.html,MT Newswires,1.0,bullish,USO,CL=F
2026-04-05T09:52:29Z,"OPEC+ mulls ""paper"" output hike as Iran war paralyzes 15% of global oil supply",https://finance.yahoo.com/sectors/energy/articles/opec-mulls-paper-output-hike-095229590.html,Investing.com,-1.0,bearish,USO,CL=F
2026-04-03T17:58:54Z,Southwest Airlines Dropped 20.89% in a Month as $104 Oil Threatens Its $4.00 EPS Target,https://247wallst.com/investing/2026/04/03/southwest-airlines-dropped-20-89-in-a-month-as-104-oil-threatens-its-4-00-eps-target/,24/7 Wall St.,-1.0,bearish,USO,CL=F
2026-04-03T15:38:06Z,3 Defense ETFs to Watch as Trump Nears a Major War Decision,https://finance.yahoo.com/markets/stocks/articles/3-defense-etfs-watch-trump-153806663.html,TipRanks,0.0,neutral,USO,CL=F
2026-04-03T14:36:00Z,Why the Stock Market Has Held Up So Well Despite the Spike in Oil Prices,https://www.barrons.com/articles/oil-prices-high-stocks-bonds-trump-e0c2876f?siteid=yhoof2&yptr=yahoo,Barrons.com,1.0,bullish,USO,CL=F
2026-04-02T16:30:00Z,MoneyMasters Podcast 4-2-26- The 8 Million Barrel Oil Gap and What it Means for Markets,https://finance.yahoo.com/sectors/energy/articles/moneymasters-podcast-4-2-26-163000407.html,MoneyShow,0.0,neutral,USO,CL=F
2026-04-02T13:25:01Z,Sector Update: Energy Stocks Rise Pre-Bell Thursday,https://finance.yahoo.com/sectors/energy/articles/sector-energy-stocks-rise-pre-132501566.html,MT Newswires,1.0,bullish,USO,CL=F
2026-04-02T13:10:17Z,"Exchange-Traded Funds, Equity Futures Lower Pre-Bell Thursday as Escalation Signals in Iran Conflict Lift Oil Prices",https://finance.yahoo.com/markets/stocks/articles/exchange-traded-funds-equity-futures-131017404.html,MT Newswires,-1.0,bearish,USO,CL=F
2026-04-01T13:27:57Z,Sector Update: Energy Stocks Decline Pre-Bell Wednesday,https://finance.yahoo.com/sectors/energy/articles/sector-energy-stocks-decline-pre-132757764.html,MT Newswires,-1.0,bearish,USO,CL=F
2026-04-01T13:06:39Z,"Exchange-Traded Funds, Equity Futures Gain Pre-Bell Wednesday as Iran War De-Escalation Hopes Drive Sentiment",https://finance.yahoo.com/markets/stocks/articles/exchange-traded-funds-equity-futures-130639197.html,MT Newswires,1.0,bullish,USO,CL=F
2026-04-01T09:41:06Z,Crude Oil Prices Fall Amid Hopes of Middle East War Ending Soon,https://finance.yahoo.com/sectors/energy/articles/crude-oil-prices-fall-amid-094106260.html,MT Newswires,-1.0,bearish,USO,CL=F
2026-03-31T20:05:00Z,Oil Prices See Largest Monthly Jump Since 2020 as Iran War Heads Into Its Second Month,https://www.barrons.com/articles/oil-prices-today-iran-war-trump-9715174b?siteid=yhoof2&yptr=yahoo,Barrons.com,0.0,neutral,USO,CL=F
2026-03-31T18:37:15Z,Update: WTI Oil Falls on Reports the Trump Administration is Readying to End Its War on Iran,https://finance.yahoo.com/sectors/energy/articles/wti-oil-falls-reports-trump-183715787.html,MT Newswires,-1.0,bearish,USO,CL=F
2026-03-31T17:39:00Z,Oil ETFs Steal Spotlight as WTI Tops $100 for First Time in 3 Years,https://finance.yahoo.com/sectors/energy/articles/oil-etfs-steal-spotlight-wti-173900311.html,Zacks,0.0,neutral,USO,CL=F
2026-03-31T15:37:02Z,Here Are The Stock Market’s Biggest Winners This Month,https://www.wsj.com/livecoverage/stock-market-today-dow-sp-500-nasdaq-03-31-2026/card/here-are-the-stock-market-s-biggest-winners-this-month-NalpKXvUAjMLxhLT6b5S?siteid=yhoof2&yptr=yahoo,The Wall Street Journal,0.0,neutral,USO,CL=F
2026-03-31T14:15:00Z,Market Minute 3-31-26- Stocks Rally Amid Worst Quarter Since '22,https://finance.yahoo.com/markets/stocks/articles/market-minute-3-31-26-141500580.html,MoneyShow,1.0,bullish,USO,CL=F
2026-03-31T13:27:02Z,Sector Update: Energy Stocks Edge Higher Pre-Bell Tuesday,https://finance.yahoo.com/sectors/energy/articles/sector-energy-stocks-edge-higher-132702720.html,MT Newswires,1.0,bullish,USO,CL=F
2026-03-31T12:51:26Z,"Exchange-Traded Funds, Equity Futures Higher Pre-Bell Tuesday as De-Escalation Hopes Lift Risk Sentiment",https://finance.yahoo.com/markets/stocks/articles/exchange-traded-funds-equity-futures-125126157.html,MT Newswires,1.0,bullish,USO,CL=F
2026-03-30T20:26:01Z,TSX Closer: Index Closes Lower On Jitters Over the Iran War and Oil Prices,https://finance.yahoo.com/markets/commodities/articles/tsx-closer-index-closes-lower-202601043.html,MT Newswires,-1.0,bearish,USO,CL=F
2026-03-30T14:20:00Z,Market Minute 3-30-26- Oil Tops $100 on War Worries,https://finance.yahoo.com/markets/commodities/articles/market-minute-3-30-26-142000279.html,MoneyShow,0.0,neutral,USO,CL=F
2026-03-30T13:29:07Z,Sector Update: Energy Stocks Rise Pre-Bell Monday,https://finance.yahoo.com/sectors/energy/articles/sector-energy-stocks-rise-pre-132907960.html,MT Newswires,1.0,bullish,USO,CL=F
2026-03-30T12:51:15Z,"Exchange-Traded Funds, Equity Futures Higher Pre-Bell Monday Ahead of Fresh Economic Data",https://finance.yahoo.com/markets/stocks/articles/exchange-traded-funds-equity-futures-125115183.html,MT Newswires,1.0,bullish,USO,CL=F
2026-03-30T10:02:20Z,"Oil Markets Remain Focused On Middle East War But Disruptions To Russian Flows Also Add Risk, Commerzbank Says",https://finance.yahoo.com/sectors/energy/articles/oil-markets-remain-focused-middle-100220619.html,MT Newswires,0.0,neutral,USO,CL=F
2026-03-30T09:52:27Z,Crude Oil Prices Jump Following Houthi Attacks On Israel Amid Middle East War,https://finance.yahoo.com/sectors/energy/articles/crude-oil-prices-jump-following-095227838.html,MT Newswires,0.0,neutral,USO,CL=F
2026-03-29T17:00:00Z,U.S. Oil Prices Surge Back Above $100 a Barrel After Rubio Names New Worry,https://www.barrons.com/articles/oil-price-100-dollar-trump-iran-brent-wti-dc78311d?siteid=yhoof2&yptr=yahoo,Barrons.com,1.0,bullish,USO,CL=F
2026-03-27T18:38:28Z,Update: WTI Oil Rises Again as Trump Extends the Deadline For Attacks on Iranian Energy Assets by 10 Days,https://finance.yahoo.com/sectors/energy/articles/wti-oil-rises-again-trump-183828439.html,MT Newswires,1.0,bullish,USO,CL=F
2026-03-27T18:24:00Z,"The Iran War Started 1 Month Ago. What It’s Meant for Stocks, Bonds, and Oil.",https://www.barrons.com/articles/iran-war-one-month-markets-stocks-gold-oil-bonds-56fd2d18?siteid=yhoof2&yptr=yahoo,Barrons.com,0.0,neutral,USO,CL=F
2026-03-27T18:14:00Z,S&P 500 Is Nearing a Correction—and a Bear Market Could Be Next,https://www.barrons.com/articles/sp-500-correction-bear-market-nasdaq-c87e0096?siteid=yhoof2&yptr=yahoo,Barrons.com,-1.0,bearish,USO,CL=F
2026-03-27T14:15:00Z,Market Minute 3-27-26- Deadline Can Kick Earns Market Shrug,https://finance.yahoo.com/markets/stocks/articles/market-minute-3-27-26-141500250.html,MoneyShow,0.0,neutral,USO,CL=F
2026-03-27T13:29:26Z,Sector Update: Energy Stocks Advance Premarket Friday,https://finance.yahoo.com/sectors/energy/articles/sector-energy-stocks-advance-premarket-132926763.html,MT Newswires,0.0,neutral,USO,CL=F
2026-03-27T13:17:02Z,"Exchange-Traded Funds, Equity Futures Lower Pre-Bell Friday as Investor Concerns Linger Amid Middle East Conflict",https://finance.yahoo.com/markets/stocks/articles/exchange-traded-funds-equity-futures-131702047.html,MT Newswires,-1.0,bearish,USO,CL=F
2026-03-27T13:02:00Z,Stock Market Is Hostage to Trump’s New Iran War Deadline,https://www.barrons.com/articles/stock-market-trump-iran-war-deadline-oil-bonds-8952d371?siteid=yhoof2&yptr=yahoo,Barrons.com,0.0,neutral,USO,CL=F
2026-03-27T12:56:01Z,Oil Rises Again as Trump Extends the Deadline For Attacks on Iranian Energy Assets by 10 Days,https://finance.yahoo.com/markets/commodities/articles/oil-rises-again-trump-extends-125601058.html,MT Newswires,1.0,bullish,USO,CL=F
2026-03-27T09:44:49Z,Crude Oil Prices Jump As Hopes Of Middle East Ceasefire Fade,https://finance.yahoo.com/sectors/energy/articles/crude-oil-prices-jump-hopes-094449209.html,MT Newswires,0.0,neutral,USO,CL=F
2026-03-27T02:22:50Z,Energy ETFs Pull In Billions as Oil Rally Fuels Sector Gains,http://www.etf.com/sections/features/energy-etfs-pull-billions-oil-rally-fuels-sector-gains?utm_source=yahoo-finance&utm_medium=rss&utm_campaign=yahoo-finance-rss,etf.com,1.0,bullish,USO,CL=F
2026-03-26T17:52:00Z,Why the Dollar Could Be an Iran War Winner—and What Happens If It Isn’t,https://www.barrons.com/articles/dollar-oil-trump-iran-war-b9cce673?siteid=yhoof2&yptr=yahoo,Barrons.com,0.0,neutral,USO,CL=F
2026-03-26T16:30:00Z,"MoneyMasters Podcast 3-26-26- Yardeni on Navigating the ""Fog of War""",https://finance.yahoo.com/economy/articles/moneymasters-podcast-3-26-26-163000627.html,MoneyShow,0.0,neutral,USO,CL=F
2026-03-26T13:27:52Z,Sector Update: Energy Stocks Advance Premarket Thursday,https://finance.yahoo.com/sectors/energy/articles/sector-energy-stocks-advance-premarket-132752571.html,MT Newswires,0.0,neutral,USO,CL=F
2026-03-26T12:56:01Z,"Exchange-Traded Funds, Equity Futures Lower Pre-Bell Thursday Amid Ongoing Middle East Tensions",https://finance.yahoo.com/markets/stocks/articles/exchange-traded-funds-equity-futures-125601376.html,MT Newswires,-1.0,bearish,USO,CL=F
2026-03-26T09:46:52Z,Crude Oil Prices Rise Amid Fading Optimism About Middle East Ceasefire,https://finance.yahoo.com/sectors/energy/articles/crude-oil-prices-rise-amid-094652317.html,MT Newswires,1.0,bullish,USO,CL=F
2026-03-25T18:44:03Z,Update: WTI Oil Closes Lower as a U.S. Ceasefire Plan Raises Hopes For an End to the Iran War,https://finance.yahoo.com/sectors/energy/articles/wti-oil-closes-lower-u-184403557.html,MT Newswires,-1.0,bearish,USO,CL=F
2026-03-25T14:26:51Z,Trump Trade: TotalEnergies to shift capital from wind to natural gas,https://finance.yahoo.com/sectors/energy/articles/trump-trade-totalenergies-shift-capital-142651664.html,TipRanks,0.0,neutral,USO,CL=F
2026-03-25T14:15:00Z,Market Minute 3-25-26- Markets Rally on Mideast Deal Hopes,https://finance.yahoo.com/markets/stocks/articles/market-minute-3-25-26-141500485.html,MoneyShow,1.0,bullish,USO,CL=F
2026-03-25T12:55:18Z,"Exchange-Traded Funds, Equity Futures Higher Pre-Bell Wednesday Amid Hopes of Iran, US Truce",https://finance.yahoo.com/markets/stocks/articles/exchange-traded-funds-equity-futures-125518439.html,MT Newswires,1.0,bullish,USO,CL=F
2026-03-25T12:48:21Z,Oil Trading Lowers As U.S. Ceasefire Plan Raises Hopes For Iran War End,https://finance.yahoo.com/markets/commodities/articles/oil-trading-lowers-u-ceasefire-124821926.html,MT Newswires,0.0,neutral,USO,CL=F
2026-03-25T10:01:47Z,"Crude Oil Prices Have Room to Rise but Economic Slowdown to Cap Price Hike, Commerzbank Says",https://finance.yahoo.com/sectors/energy/articles/crude-oil-prices-room-rise-100147092.html,MT Newswires,1.0,bullish,USO,CL=F
2026-03-25T09:43:39Z,Crude Oil Prices Slump Following U.S. Proposal for Middle East Ceasefire,https://finance.yahoo.com/sectors/energy/articles/crude-oil-prices-slump-following-094339045.html,MT Newswires,-1.0,bearish,USO,CL=F
2026-03-24T20:54:00Z,Market Winners and Losers in the Iran War,https://finance.yahoo.com/markets/commodities/articles/market-winners-losers-iran-war-205400100.html,Zacks,0.0,neutral,USO,CL=F
2026-03-24T18:37:54Z,Update: WTI Oil Rebounds as the Middle East War Continues Despite Reports of Talks With Iran,https://finance.yahoo.com/sectors/energy/articles/wti-oil-rebounds-middle-east-183754449.html,MT Newswires,0.0,neutral,USO,CL=F
2026-03-24T14:42:21Z,Oil Prices Rise Because Iran War Isn't Like Liberation Day,https://www.investors.com/news/oil-prices-rise-iran-war-not-liberation-day-sp-500-futures/?src=A00220&yptr=yahoo,Investor's Business Daily,1.0,bullish,USO,CL=F
2026-03-24T13:56:22Z,Why Citi still sees $150 oil,https://finance.yahoo.com/news/why-citi-still-sees-150-oil-135622313.html,Yahoo Finance,0.0,neutral,USO,CL=F
2026-03-24T13:13:44Z,"Exchange-Traded Funds, Equity Futures Lower Pre-Bell Tuesday Amid Economic Data Releases",https://finance.yahoo.com/markets/stocks/articles/exchange-traded-funds-equity-futures-131344896.html,MT Newswires,-1.0,bearish,USO,CL=F
2026-03-24T10:53:10Z,"Market Chatter: Canada's Pipeline Plan Attracts Middle Eastern, Asian interest, Alberta premier says",https://finance.yahoo.com/sectors/energy/articles/market-chatter-canada-apos-pipeline-105310279.html,MT Newswires,0.0,neutral,USO,CL=F
2026-03-23T18:39:48Z,Update: WTI Oil Plunges 10% as Trump Backs Down from a Threat to Attack Iran's Power Infrastructure,https://finance.yahoo.com/sectors/energy/articles/wti-oil-plunges-10-trump-183948136.html,MT Newswires,-1.0,bearish,USO,CL=F
2026-03-23T14:15:00Z,"Market Minute 3-23-26- Stocks Surge, Oil Tanks After Trump Postpones Strikes",https://finance.yahoo.com/markets/stocks/articles/market-minute-3-23-26-141500212.html,MoneyShow,1.0,bullish,USO,CL=F
2026-03-23T14:00:00Z,Russell 2000 in Correction Zone: How to Benefit With ETFs,https://finance.yahoo.com/markets/stocks/articles/russell-2000-correction-zone-benefit-140000656.html,Zacks,0.0,neutral,USO,CL=F
2026-03-23T13:26:23Z,Sector Update: Energy Stocks Decline Pre-Bell Monday,https://finance.yahoo.com/sectors/energy/articles/sector-energy-stocks-decline-pre-132623737.html,MT Newswires,-1.0,bearish,USO,CL=F
2026-03-23T12:57:59Z,"Exchange-Traded Funds, Equity Futures Gain Pre-Bell Monday as Trump Declares 5-Day Pause in Iran Energy Attacks",https://finance.yahoo.com/markets/stocks/articles/exchange-traded-funds-equity-futures-125759315.html,MT Newswires,1.0,bullish,USO,CL=F
