Datetime,Open,High,Low,Close,Volume
2021-05-17T00:00:00Z,23.113330841064453,23.4083309173584,23.086669921875,23.4083309173584,4542
2021-05-18T00:00:00Z,23.700000762939453,23.700000762939453,23.399999618530273,23.53166961669922,5910
2021-05-19T00:00:00Z,22.5433292388916,23.199329376220703,22.5433292388916,22.79962921142578,14331
2021-05-20T00:00:00Z,22.606670379638672,22.809999465942383,22.603330612182617,22.60832977294922,3606
2021-05-21T00:00:00Z,22.633329391479492,22.633329391479492,22.063369750976562,22.063369750976562,8433
2021-05-24T00:00:00Z,22.066669464111328,22.55167007446289,22.066669464111328,22.55167007446289,7596
2021-05-25T00:00:00Z,22.556669235229492,22.556669235229492,22.4950008392334,22.4950008392334,2805
2021-05-26T00:00:00Z,22.833330154418945,22.833330154418945,22.596670150756836,22.673330307006836,11868
2021-05-27T00:00:00Z,23.213329315185547,23.799999237060547,23.133329391479492,23.507999420166016,22812
2021-05-28T00:00:00Z,23.71833038330078,23.959999084472656,23.3700008392334,23.915000915527344,5547
2021-06-01T00:00:00Z,23.913330078125,23.913330078125,23.780000686645508,23.809200286865234,5394
2021-06-02T00:00:00Z,23.866670608520508,23.866670608520508,23.825000762939453,23.825000762939453,2514
2021-06-03T00:00:00Z,23.423330307006836,23.561670303344727,23.423330307006836,23.555530548095703,1845
2021-06-04T00:00:00Z,23.8799991607666,23.899999618530273,23.645000457763672,23.645000457763672,3781
2021-06-07T00:00:00Z,23.540000915527344,23.540000915527344,23.06999969482422,23.407400131225586,2876
2021-06-08T00:00:00Z,23.449899673461914,23.459999084472656,23.290000915527344,23.403099060058594,4115
2021-06-09T00:00:00Z,23.700000762939453,23.700000762939453,23.450000762939453,23.530000686645508,3606
2021-06-10T00:00:00Z,23.5,23.889999389648438,23.5,23.854999542236328,2976
2021-06-11T00:00:00Z,23.950000762939453,24.104999542236328,23.799999237060547,23.905399322509766,4059
2021-06-14T00:00:00Z,23.81999969482422,24.389999389648438,23.81999969482422,24.21579933166504,4441
2021-06-15T00:00:00Z,23.739999771118164,23.739999771118164,22.760000228881836,23.05500030517578,7705
2021-06-16T00:00:00Z,23.139999389648438,23.40999984741211,22.760000228881836,22.790199279785156,4742
2021-06-17T00:00:00Z,22.770700454711914,22.770700454711914,22.329999923706055,22.538400650024414,5838
2021-06-18T00:00:00Z,22.43000030517578,22.5,22.27199935913086,22.478500366210938,6456
2021-06-21T00:00:00Z,22.549999237060547,22.895000457763672,22.441999435424805,22.895000457763672,5699
2021-06-22T00:00:00Z,23.06999969482422,23.3700008392334,23.06999969482422,23.26059913635254,1561
2021-06-23T00:00:00Z,23.649999618530273,23.649999618530273,23.329999923706055,23.5093994140625,7668
2021-06-24T00:00:00Z,23.75,24.440000534057617,23.75,24.17569923400879,10235
2021-06-25T00:00:00Z,24.030000686645508,24.449899673461914,24.030000686645508,24.2450008392334,23294
2021-06-28T00:00:00Z,24.260000228881836,24.260000228881836,23.950000762939453,24.00480079650879,3889
2021-06-29T00:00:00Z,24.0,24.209999084472656,23.950000762939453,24.034900665283203,6014
2021-06-30T00:00:00Z,24.329999923706055,24.350000381469727,23.772199630737305,24.110000610351562,23107
2021-07-01T00:00:00Z,24.170000076293945,24.170000076293945,23.559999465942383,23.774999618530273,4231
2021-07-02T00:00:00Z,23.84000015258789,24.020599365234375,23.84000015258789,24.020599365234375,1449
2021-07-06T00:00:00Z,24.1200008392334,24.1200008392334,23.489999771118164,23.65999984741211,7770
2021-07-07T00:00:00Z,23.90999984741211,24.1200008392334,23.90999984741211,24.010000228881836,4183
2021-07-08T00:00:00Z,24.1200008392334,24.1200008392334,23.742399215698242,24.040000915527344,3764
2021-07-09T00:00:00Z,24.299999237060547,24.5,24.299999237060547,24.5,3297
2021-07-12T00:00:00Z,24.5,24.5,24.23270034790039,24.364599227905273,2721
2021-07-13T00:00:00Z,24.489999771118164,24.59000015258789,24.350099563598633,24.46489906311035,3445
2021-07-14T00:00:00Z,24.579999923706055,24.579999923706055,24.31999969482422,24.375,880
2021-07-15T00:00:00Z,24.399999618530273,24.479999542236328,24.3700008392334,24.420000076293945,3972
2021-07-16T00:00:00Z,24.559999465942383,25.0,24.559999465942383,25.0,8292
2021-07-19T00:00:00Z,24.690000534057617,24.690000534057617,23.829999923706055,24.09779930114746,13522
2021-07-20T00:00:00Z,24.399900436401367,24.399900436401367,24.22010040283203,24.3169002532959,11529
2021-07-21T00:00:00Z,24.18000030517578,24.309999465942383,24.100000381469727,24.309999465942383,8936
2021-07-22T00:00:00Z,24.530000686645508,24.854999542236328,24.459999084472656,24.850000381469727,10335
2021-07-23T00:00:00Z,24.950000762939453,25.5,24.950000762939453,25.43000030517578,15083
2021-07-26T00:00:00Z,25.799999237060547,26.0,25.479999542236328,25.950000762939453,12307
2021-07-27T00:00:00Z,25.549999237060547,25.6299991607666,25.329999923706055,25.399999618530273,7774
2021-07-28T00:00:00Z,25.700000762939453,25.75,25.540000915527344,25.75,4114
2021-07-29T00:00:00Z,25.75,26.209999084472656,25.747499465942383,26.090299606323242,8610
2021-07-30T00:00:00Z,26.139999389648438,26.139999389648438,25.549999237060547,25.636199951171875,2933
2021-08-02T00:00:00Z,25.649999618530273,25.725000381469727,25.350099563598633,25.41010093688965,4255
2021-08-03T00:00:00Z,25.299999237060547,25.40999984741211,25.225000381469727,25.225000381469727,2190
2021-08-04T00:00:00Z,25.030000686645508,25.274999618530273,25.020000457763672,25.020000457763672,17457
2021-08-05T00:00:00Z,25.31999969482422,25.549999237060547,25.15999984741211,25.549999237060547,4044
2021-08-06T00:00:00Z,25.31999969482422,25.40999984741211,25.25,25.270000457763672,1694
2021-08-09T00:00:00Z,24.329999923706055,24.549999237060547,24.329999923706055,24.41950035095215,20399
2021-08-10T00:00:00Z,24.329999923706055,24.899999618530273,24.329999923706055,24.695199966430664,3388
2021-08-11T00:00:00Z,25.100000381469727,25.555999755859375,24.81999969482422,25.4950008392334,5954
2021-08-12T00:00:00Z,25.5,25.694000244140625,25.420000076293945,25.5856990814209,5794
2021-08-13T00:00:00Z,25.709999084472656,25.709999084472656,25.514999389648438,25.59000015258789,2669
2021-08-16T00:00:00Z,25.709999084472656,25.709999084472656,25.56209945678711,25.56209945678711,1838
2021-08-17T00:00:00Z,24.8799991607666,25.260000228881836,24.8799991607666,25.125200271606445,9229
2021-08-18T00:00:00Z,24.959999084472656,24.959999084472656,24.530000686645508,24.69499969482422,13557
2021-08-19T00:00:00Z,24.360000610351562,24.3700008392334,23.889999389648438,23.889999389648438,11743
2021-08-20T00:00:00Z,24.06999969482422,24.329999923706055,23.90999984741211,24.092599868774414,13680
2021-08-23T00:00:00Z,24.479999542236328,24.8700008392334,24.479999542236328,24.8075008392334,16491
2021-08-24T00:00:00Z,24.979999542236328,25.010000228881836,24.81999969482422,24.949899673461914,5396
2021-08-25T00:00:00Z,24.989999771118164,25.229900360107422,24.889999389648438,24.9950008392334,1066
2021-08-26T00:00:00Z,24.75,24.75,24.497299194335938,24.50860023498535,16668
2021-08-27T00:00:00Z,24.899999618530273,25.059999465942383,24.70009994506836,25.059999465942383,3834
2021-08-30T00:00:00Z,25.09000015258789,25.43000030517578,25.059999465942383,25.395099639892578,14560
2021-08-31T00:00:00Z,25.360000610351562,25.597999572753906,25.3439998626709,25.572999954223633,2807
2021-09-01T00:00:00Z,25.530000686645508,25.530000686645508,25.1200008392334,25.140899658203125,13788
2021-09-02T00:00:00Z,25.389999389648438,25.600000381469727,25.25,25.600000381469727,7812
2021-09-03T00:00:00Z,25.600000381469727,26.100000381469727,25.559999465942383,26.100000381469727,14874
2021-09-07T00:00:00Z,25.790000915527344,25.790000915527344,25.510000228881836,25.54599952697754,7495
2021-09-08T00:00:00Z,25.6200008392334,25.899999618530273,25.600000381469727,25.899999618530273,5718
2021-09-09T00:00:00Z,26.15999984741211,26.459999084472656,26.15999984741211,26.260000228881836,13522
2021-09-10T00:00:00Z,26.959999084472656,26.959999084472656,26.3799991607666,26.440000534057617,32989
2021-09-13T00:00:00Z,25.850000381469727,25.979999542236328,25.460100173950195,25.979999542236328,5764
2021-09-14T00:00:00Z,25.850000381469727,25.850000381469727,25.420000076293945,25.481300354003906,4078
2021-09-15T00:00:00Z,25.8700008392334,26.399900436401367,25.8700008392334,26.25,6311
2021-09-16T00:00:00Z,25.579999923706055,25.579999923706055,25.280000686645508,25.280000686645508,15022
2021-09-17T00:00:00Z,25.950000762939453,26.020000457763672,25.149999618530273,25.170000076293945,11540
2021-09-20T00:00:00Z,24.790000915527344,24.999900817871094,24.59269905090332,24.639799118041992,16136
2021-09-21T00:00:00Z,24.459999084472656,24.6200008392334,24.1299991607666,24.573699951171875,5374
2021-09-22T00:00:00Z,25.149999618530273,25.149999618530273,24.860000610351562,25.042999267578125,3221
2021-09-23T00:00:00Z,24.989999771118164,25.549999237060547,24.93000030517578,25.360300064086914,3586
2021-09-24T00:00:00Z,25.000600814819336,25.000600814819336,24.829999923706055,24.8799991607666,27794
2021-09-27T00:00:00Z,24.719999313354492,24.860000610351562,24.5,24.5,23388
2021-09-28T00:00:00Z,24.290000915527344,24.469999313354492,24.1299991607666,24.135000228881836,4549
2021-09-29T00:00:00Z,23.739999771118164,24.14900016784668,23.579999923706055,23.72800064086914,4506
2021-09-30T00:00:00Z,23.670000076293945,23.670000076293945,23.040000915527344,23.443700790405273,13063
2021-10-01T00:00:00Z,23.389999389648438,23.614999771118164,23.389999389648438,23.614999771118164,3760
2021-10-04T00:00:00Z,23.43000030517578,23.75,23.389999389648438,23.437700271606445,2623
2021-10-05T00:00:00Z,23.389999389648438,23.668699264526367,23.209999084472656,23.668699264526367,12359
2021-10-06T00:00:00Z,23.520000457763672,23.770000457763672,23.475000381469727,23.645099639892578,1850
2021-10-07T00:00:00Z,23.815000534057617,24.167999267578125,23.791000366210938,24.10099983215332,3249
2021-10-08T00:00:00Z,24.6200008392334,25.260000228881836,24.6200008392334,25.214000701904297,8285
2021-10-11T00:00:00Z,25.420000076293945,25.43000030517578,24.850000381469727,24.997299194335938,2682
2021-10-12T00:00:00Z,25.360000610351562,25.389999389648438,24.530000686645508,24.56599998474121,3695
2021-10-13T00:00:00Z,24.649999618530273,24.989999771118164,24.649999618530273,24.895599365234375,3706
2021-10-14T00:00:00Z,25.0,25.479999542236328,24.959999084472656,25.40049934387207,10330
2021-10-15T00:00:00Z,25.559999465942383,26.360000610351562,25.559999465942383,26.239999771118164,13715
2021-10-18T00:00:00Z,26.280000686645508,26.280000686645508,25.940000534057617,26.256000518798828,1878
2021-10-19T00:00:00Z,26.239999771118164,26.3799991607666,26.010000228881836,26.10810089111328,6812
2021-10-20T00:00:00Z,26.170000076293945,27.770000457763672,26.170000076293945,27.75309944152832,27767
2021-10-21T00:00:00Z,26.84000015258789,26.84000015258789,25.899999618530273,25.98509979248047,18691
2021-10-22T00:00:00Z,26.290000915527344,26.290000915527344,25.700000762939453,25.758399963378906,8103
2021-10-25T00:00:00Z,26.479999542236328,26.84000015258789,26.479999542236328,26.757400512695312,10984
2021-10-26T00:00:00Z,26.899999618530273,26.899999618530273,26.325000762939453,26.569700241088867,10191
2021-10-27T00:00:00Z,25.850000381469727,25.860000610351562,25.34000015258789,25.48740005493164,5405
2021-10-28T00:00:00Z,25.620100021362305,25.72480010986328,25.6200008392334,25.690000534057617,7897
2021-10-29T00:00:00Z,25.299999237060547,25.790000915527344,25.020000457763672,25.614999771118164,3734
2021-11-01T00:00:00Z,25.600000381469727,25.780000686645508,25.200000762939453,25.489999771118164,26170
2021-11-02T00:00:00Z,25.520000457763672,25.764999389648438,25.3799991607666,25.403200149536133,5490
2021-11-03T00:00:00Z,25.389999389648438,25.389999389648438,24.90999984741211,25.309999465942383,4351
2021-11-04T00:00:00Z,24.90999984741211,25.15999984741211,24.81999969482422,25.05069923400879,4587
2021-11-05T00:00:00Z,25.077299118041992,25.469999313354492,25.077299118041992,25.335100173950195,18189
2021-11-08T00:00:00Z,25.81999969482422,25.81999969482422,25.52090072631836,25.67460060119629,10941
2021-11-09T00:00:00Z,25.309999465942383,25.46500015258789,25.181100845336914,25.46500015258789,2164
2021-11-10T00:00:00Z,25.559999465942383,25.959999084472656,25.49519920349121,25.49519920349121,4216
2021-11-11T00:00:00Z,26.010000228881836,26.049999237060547,25.600000381469727,25.830900192260742,11462
2021-11-12T00:00:00Z,26.219999313354492,26.315000534057617,26.040000915527344,26.236400604248047,3610
2021-11-15T00:00:00Z,26.049999237060547,26.110000610351562,25.5,25.550100326538086,4113
2021-11-16T00:00:00Z,25.610000610351562,25.610000610351562,25.239999771118164,25.55620002746582,4999
2021-11-17T00:00:00Z,25.459999084472656,25.459999084472656,25.1299991607666,25.20199966430664,3344
2021-11-18T00:00:00Z,24.950000762939453,25.84000015258789,24.950000762939453,25.780000686645508,3705
2021-11-19T00:00:00Z,26.087900161743164,26.25,26.087900161743164,26.136600494384766,3701
2021-11-22T00:00:00Z,26.59000015258789,26.799999237060547,26.479999542236328,26.700000762939453,10599
2021-11-23T00:00:00Z,26.639999389648438,26.959999084472656,26.635000228881836,26.881900787353516,18541
2021-11-24T00:00:00Z,27.3799991607666,27.790000915527344,27.309999465942383,27.600000381469727,8115
2021-11-26T00:00:00Z,26.56999969482422,26.56999969482422,25.950000762939453,26.345600128173828,4589
2021-11-29T00:00:00Z,26.270000457763672,26.736000061035156,26.270000457763672,26.529600143432617,6836
2021-11-30T00:00:00Z,26.41010093688965,26.69499969482422,26.010000228881836,26.21980094909668,7712
2021-12-01T00:00:00Z,26.110000610351562,26.34000015258789,25.799999237060547,25.83989906311035,8543
2021-12-02T00:00:00Z,25.979999542236328,26.420000076293945,25.979999542236328,26.174999237060547,3496
2021-12-03T00:00:00Z,26.1299991607666,26.45989990234375,26.1299991607666,26.354999542236328,16325
2021-12-06T00:00:00Z,25.700000762939453,26.229900360107422,25.700000762939453,26.10070037841797,11138
2021-12-07T00:00:00Z,26.719999313354492,26.719999313354492,26.18000030517578,26.471900939941406,6543
2021-12-08T00:00:00Z,26.649999618530273,26.649999618530273,26.399999618530273,26.5398006439209,3182
2021-12-09T00:00:00Z,26.299999237060547,26.299999237060547,25.8700008392334,26.048999786376953,2183
2021-12-10T00:00:00Z,26.399999618530273,26.399999618530273,25.760000228881836,26.040000915527344,5495
2021-12-13T00:00:00Z,25.907400131225586,25.95509910583496,25.719999313354492,25.86009979248047,2950
2021-12-14T00:00:00Z,25.950000762939453,25.950000762939453,25.510000228881836,25.67060089111328,3195
2021-12-15T00:00:00Z,25.19499969482422,25.23080062866211,25.0,25.23080062866211,5295
2021-12-16T00:00:00Z,25.450000762939453,26.0,25.450000762939453,26.0,3805
2021-12-17T00:00:00Z,26.0,26.0,25.520000457763672,25.684900283813477,1504
2021-12-20T00:00:00Z,25.200000762939453,25.336000442504883,25.200000762939453,25.33449935913086,5730
2021-12-21T00:00:00Z,25.81999969482422,25.84000015258789,25.75,25.813400268554688,3764
2021-12-22T00:00:00Z,25.950000762939453,26.21310043334961,25.950000762939453,26.21310043334961,2447
2021-12-23T00:00:00Z,26.219999313354492,26.530000686645508,26.219999313354492,26.353300094604492,7379
2021-12-27T00:00:00Z,26.600000381469727,26.84000015258789,26.600000381469727,26.63680076599121,45962
2021-12-28T00:00:00Z,26.690000534057617,26.690000534057617,26.364999771118164,26.364999771118164,1040
2021-12-29T00:00:00Z,26.65999984741211,26.979999542236328,26.402299880981445,26.979999542236328,5393
2021-12-30T00:00:00Z,27.170000076293945,27.170000076293945,26.700000762939453,26.930099487304688,7859
2021-12-31T00:00:00Z,27.28499984741211,27.579999923706055,27.260000228881836,27.3700008392334,11076
2022-01-03T00:00:00Z,27.530000686645508,27.530000686645508,27.06999969482422,27.310400009155273,11781
2022-01-04T00:00:00Z,27.489999771118164,27.790000915527344,27.489999771118164,27.607099533081055,8147
2022-01-05T00:00:00Z,27.149999618530273,27.420000076293945,26.829999923706055,27.100000381469727,34843
2022-01-06T00:00:00Z,26.479999542236328,27.190000534057617,26.479999542236328,26.969999313354492,62830
2022-01-07T00:00:00Z,27.149999618530273,27.489999771118164,27.0,27.280099868774414,23152
2022-01-10T00:00:00Z,27.200000762939453,27.549999237060547,27.149999618530273,27.549999237060547,29315
2022-01-11T00:00:00Z,28.020000457763672,28.860000610351562,28.020000457763672,28.810100555419922,37641
2022-01-12T00:00:00Z,29.059999465942383,29.3700008392334,28.68000030517578,29.031200408935547,14179
2022-01-13T00:00:00Z,29.200000762939453,29.350000381469727,29.049999237060547,29.17930030822754,77726
2022-01-14T00:00:00Z,29.299999237060547,29.329999923706055,29.059999465942383,29.149999618530273,8947
2022-01-18T00:00:00Z,29.15999984741211,29.229999542236328,28.829999923706055,28.84709930419922,17758
2022-01-19T00:00:00Z,30.110000610351562,30.68000030517578,30.110000610351562,30.59000015258789,21572
2022-01-20T00:00:00Z,31.200000762939453,31.690000534057617,31.173999786376953,31.299999237060547,55932
2022-01-21T00:00:00Z,31.950000762939453,32.02000045776367,31.530000686645508,31.950000762939453,57588
2022-01-24T00:00:00Z,29.829999923706055,29.950000762939453,29.290000915527344,29.877700805664062,258900
2022-01-25T00:00:00Z,29.799999237060547,29.799999237060547,29.1299991607666,29.51580047607422,24246
2022-01-26T00:00:00Z,30.040000915527344,30.31999969482422,29.809999465942383,30.0,24693
2022-01-27T00:00:00Z,29.520000457763672,29.989999771118164,29.450000762939453,29.649700164794922,19432
2022-01-28T00:00:00Z,29.40999984741211,29.729999542236328,29.209999084472656,29.326099395751953,14410
2022-01-31T00:00:00Z,29.399999618530273,29.690000534057617,29.200000762939453,29.545000076293945,63941
2022-02-01T00:00:00Z,29.899999618530273,30.5,29.899999618530273,30.156099319458008,20161
2022-02-02T00:00:00Z,30.204999923706055,30.479999542236328,30.100099563598633,30.11709976196289,11145
2022-02-03T00:00:00Z,29.969999313354492,30.6299991607666,29.969999313354492,30.22909927368164,6858
2022-02-04T00:00:00Z,30.15999984741211,30.6200008392334,30.139999389648438,30.510000228881836,4295
2022-02-07T00:00:00Z,30.850000381469727,31.489999771118164,30.809999465942383,31.144500732421875,50500
2022-02-08T00:00:00Z,31.049999237060547,31.049999237060547,29.91010093688965,30.239999771118164,35986
2022-02-09T00:00:00Z,30.8799991607666,30.979999542236328,30.469999313354492,30.979999542236328,22031
2022-02-10T00:00:00Z,30.990100860595703,31.530000686645508,30.87380027770996,30.95840072631836,12801
2022-02-11T00:00:00Z,30.959999084472656,30.965999603271484,30.309999465942383,30.8700008392334,102662
2022-02-14T00:00:00Z,30.81999969482422,30.81999969482422,30.452199935913086,30.813199996948242,59159
2022-02-15T00:00:00Z,31.149999618530273,31.18000030517578,30.6299991607666,30.954999923706055,9862
2022-02-16T00:00:00Z,31.190000534057617,31.225000381469727,30.91200065612793,31.219999313354492,10509
2022-02-17T00:00:00Z,31.780000686645508,31.950000762939453,31.46179962158203,31.860000610351562,42008
2022-02-18T00:00:00Z,32.0099983215332,32.429901123046875,31.94499969482422,32.20989990234375,25378
2022-02-22T00:00:00Z,33.45000076293945,33.58000183105469,32.56060028076172,32.849998474121094,68981
2022-02-23T00:00:00Z,32.70000076293945,32.88999938964844,32.349998474121094,32.5,37447
2022-02-24T00:00:00Z,33.27000045776367,33.599998474121094,32.07550048828125,32.65999984741211,44056
2022-02-25T00:00:00Z,32.369998931884766,32.779998779296875,31.889999389648438,32.30739974975586,65898
2022-02-28T00:00:00Z,33.13999938964844,33.13999938964844,31.790000915527344,32.68000030517578,57264
2022-03-01T00:00:00Z,33.04999923706055,34.0,33.04999923706055,34.0,42298
2022-03-02T00:00:00Z,34.810001373291016,35.29999923706055,34.2599983215332,34.91999816894531,96071
2022-03-03T00:00:00Z,36.72999954223633,36.72999954223633,35.5,36.66999816894531,87304
2022-03-04T00:00:00Z,40.380001068115234,40.380001068115234,38.47990036010742,39.83000183105469,131220
2022-03-07T00:00:00Z,54.349998474121094,74.44989776611328,52.0,67.5,833415
2022-03-08T00:00:00Z,69.0,69.61000061035156,51.189998626708984,63.25,478446
2022-03-09T00:00:00Z,50.13999938964844,51.79999923706055,41.54999923706055,46.0099983215332,289258
2022-03-10T00:00:00Z,46.0099983215332,46.99340057373047,39.5900993347168,46.70000076293945,328804
2022-03-11T00:00:00Z,43.90999984741211,46.150001525878906,42.54999923706055,45.08000183105469,87595
2022-03-14T00:00:00Z,43.41999816894531,43.5,38.47999954223633,39.439998626708984,126722
2022-03-15T00:00:00Z,40.5,43.2599983215332,39.0099983215332,43.0,152086
2022-03-16T00:00:00Z,42.56999969482422,42.66999816894531,35.0,37.189998626708984,182374
2022-03-17T00:00:00Z,38.36000061035156,39.93000030517578,37.56999969482422,39.0099983215332,66844
2022-03-18T00:00:00Z,37.540000915527344,39.279998779296875,36.54999923706055,37.540000915527344,92111
2022-03-21T00:00:00Z,38.0,40.54999923706055,37.79999923706055,39.58000183105469,140119
2022-03-22T00:00:00Z,39.255001068115234,39.59989929199219,37.29999923706055,37.29999923706055,59715
2022-03-23T00:00:00Z,42.900001525878906,45.429901123046875,42.580101013183594,45.150001525878906,166528
2022-03-24T00:00:00Z,52.099998474121094,55.0,49.0099983215332,53.50960159301758,271895
2022-03-25T00:00:00Z,49.130001068115234,50.93000030517578,46.5,47.29710006713867,155392
2022-03-28T00:00:00Z,44.47999954223633,45.14860153198242,42.7400016784668,42.83000183105469,111651
2022-03-29T00:00:00Z,42.29999923706055,42.709999084472656,41.67190170288086,42.0,58377
2022-03-30T00:00:00Z,43.959999084472656,43.97999954223633,42.650001525878906,43.28350067138672,68647
2022-03-31T00:00:00Z,43.77000045776367,43.77000045776367,42.400001525878906,42.869998931884766,29921
2022-04-01T00:00:00Z,42.93000030517578,45.67300033569336,42.189998626708984,45.5,47383
2022-04-04T00:00:00Z,44.68000030517578,44.900001525878906,43.144500732421875,43.900001525878906,56757
2022-04-05T00:00:00Z,44.630001068115234,44.709999084472656,43.81999969482422,43.959999084472656,31896
2022-04-06T00:00:00Z,44.97999954223633,45.47999954223633,44.10919952392578,44.650901794433594,49032
2022-04-07T00:00:00Z,45.09000015258789,45.09000015258789,44.220001220703125,44.71889877319336,25801
2022-04-08T00:00:00Z,45.0,45.29999923706055,44.439998626708984,45.06999969482422,40664
2022-04-11T00:00:00Z,44.209999084472656,44.209999084472656,42.68000030517578,42.75,49236
2022-04-12T00:00:00Z,42.61000061035156,43.32590103149414,42.599998474121094,42.9900016784668,41822
2022-04-13T00:00:00Z,44.0,44.02000045776367,43.060001373291016,43.4900016784668,21134
2022-04-14T00:00:00Z,44.0,44.20000076293945,43.75,43.8849983215332,23003
2022-04-18T00:00:00Z,45.40999984741211,45.40999984741211,44.11000061035156,44.97999954223633,48571
2022-04-19T00:00:00Z,44.90999984741211,45.239898681640625,44.15999984741211,45.20000076293945,35530
2022-04-20T00:00:00Z,44.529998779296875,44.749900817871094,44.0099983215332,44.32109832763672,20110
2022-04-21T00:00:00Z,45.0,45.097900390625,44.290000915527344,44.61000061035156,29841
2022-04-22T00:00:00Z,44.599998474121094,45.4900016784668,43.54999923706055,43.959999084472656,31470
2022-04-25T00:00:00Z,43.290000915527344,43.579898834228516,42.25,43.349998474121094,51903
2022-04-26T00:00:00Z,43.2400016784668,44.20000076293945,43.2400016784668,44.060001373291016,27379
2022-04-27T00:00:00Z,44.380001068115234,44.499900817871094,43.310001373291016,44.209999084472656,16731
2022-04-28T00:00:00Z,43.400001525878906,44.44990158081055,43.400001525878906,43.650001525878906,17102
2022-04-29T00:00:00Z,43.45000076293945,43.7599983215332,40.29999923706055,41.75,45902
2022-05-02T00:00:00Z,40.689998626708984,40.921600341796875,40.0,40.779998779296875,36392
2022-05-03T00:00:00Z,40.630001068115234,41.66999816894531,40.150001525878906,40.619998931884766,13324
2022-05-04T00:00:00Z,40.95000076293945,41.95000076293945,40.0,41.95000076293945,17631
2022-05-05T00:00:00Z,41.13869857788086,41.13869857788086,39.0099983215332,39.31999969482422,13873
2022-05-06T00:00:00Z,39.75,41.29600143432617,39.31999969482422,39.66999816894531,14373
2022-05-09T00:00:00Z,38.9900016784668,38.9900016784668,36.65999984741211,37.150001525878906,58221
2022-05-10T00:00:00Z,36.81999969482422,37.35499954223633,36.61000061035156,37.29499816894531,11908
2022-05-11T00:00:00Z,36.619998931884766,37.290000915527344,36.61000061035156,36.70000076293945,16653
2022-05-12T00:00:00Z,36.4900016784668,37.67900085449219,35.65999984741211,37.179500579833984,22942
2022-05-13T00:00:00Z,37.18000030517578,37.18000030517578,36.0,36.5,8792
2022-05-16T00:00:00Z,34.900001525878906,35.779998779296875,34.369998931884766,35.779998779296875,18619
2022-05-17T00:00:00Z,36.060001373291016,36.060001373291016,34.617401123046875,34.959999084472656,22453
2022-05-18T00:00:00Z,34.47999954223633,34.89979934692383,34.11000061035156,34.560001373291016,10526
2022-05-19T00:00:00Z,34.959999084472656,38.4900016784668,34.790000915527344,37.713199615478516,22367
2022-05-20T00:00:00Z,37.470001220703125,37.880001068115234,36.400001525878906,37.880001068115234,21001
2022-05-23T00:00:00Z,37.54999923706055,37.54999923706055,36.290000915527344,36.79999923706055,18009
2022-05-24T00:00:00Z,35.029998779296875,36.28499984741211,35.0,35.02000045776367,20315
2022-05-25T00:00:00Z,34.099998474121094,35.650001525878906,34.099998474121094,35.650001525878906,4656
2022-05-26T00:00:00Z,35.650001525878906,37.18000030517578,35.40999984741211,35.650001525878906,9032
2022-05-27T00:00:00Z,37.09000015258789,38.0,36.820098876953125,37.97999954223633,11392
2022-05-31T00:00:00Z,38.599998474121094,39.20000076293945,37.4900016784668,37.92499923706055,11091
2022-06-01T00:00:00Z,38.290000915527344,39.15999984741211,37.290000915527344,37.56999969482422,9922
2022-06-02T00:00:00Z,39.06999969482422,39.459999084472656,38.81010055541992,39.459999084472656,10499
2022-06-03T00:00:00Z,40.0,40.0,37.36949920654297,37.875,3139
2022-06-06T00:00:00Z,38.83000183105469,39.56999969482422,38.35599899291992,39.29990005493164,17672
2022-06-07T00:00:00Z,38.45000076293945,39.73080062866211,38.09000015258789,39.643699645996094,3938
2022-06-08T00:00:00Z,40.0,40.0,38.255001068115234,38.376399993896484,6959
2022-06-09T00:00:00Z,37.27000045776367,37.63999938964844,37.04999923706055,37.32469940185547,7422
2022-06-10T00:00:00Z,37.0,37.029998779296875,35.7151985168457,36.28499984741211,4914
2022-06-13T00:00:00Z,34.34000015258789,35.29999923706055,33.54130172729492,34.03499984741211,14663
2022-06-14T00:00:00Z,33.79999923706055,33.939998626708984,33.04999923706055,33.36000061035156,11220
2022-06-15T00:00:00Z,34.72999954223633,34.74850082397461,34.17179870605469,34.35580062866211,4782
2022-06-16T00:00:00Z,33.650001525878906,34.2411994934082,33.20000076293945,33.599998474121094,6839
2022-06-17T00:00:00Z,34.9900016784668,34.9900016784668,33.2400016784668,33.65999984741211,7194
2022-06-21T00:00:00Z,33.66999816894531,36.86000061035156,33.6609992980957,34.189998626708984,8129
2022-06-22T00:00:00Z,34.040000915527344,34.040000915527344,32.220001220703125,32.220001220703125,12821
2022-06-23T00:00:00Z,32.0099983215332,32.499900817871094,31.31999969482422,31.93000030517578,8268
2022-06-24T00:00:00Z,30.709999084472656,30.729999542236328,28.56999969482422,29.325000762939453,11092
2022-06-27T00:00:00Z,30.360000610351562,32.9900016784668,29.78969955444336,30.55500030517578,13579
2022-06-28T00:00:00Z,32.0,32.0,30.15999984741211,30.610000610351562,10633
2022-06-29T00:00:00Z,31.59600067138672,32.17499923706055,30.989999771118164,31.479999542236328,6129
2022-06-30T00:00:00Z,30.760000228881836,31.392000198364258,29.56999969482422,29.609500885009766,9158
2022-07-01T00:00:00Z,29.33769989013672,30.09000015258789,28.75,29.262100219726562,10162
2022-07-05T00:00:00Z,30.239999771118164,30.239999771118164,29.010000228881836,30.219999313354492,11680
2022-07-06T00:00:00Z,31.729999542236328,32.59000015258789,28.5,28.916500091552734,113353
2022-07-07T00:00:00Z,30.360000610351562,30.360000610351562,28.739999771118164,28.739999771118164,2363
2022-07-08T00:00:00Z,29.170000076293945,29.170000076293945,28.3700008392334,28.719999313354492,3664
2022-07-11T00:00:00Z,28.719999313354492,28.985000610351562,28.309999465942383,28.985000610351562,10540
2022-07-12T00:00:00Z,28.360000610351562,29.121299743652344,28.219999313354492,28.438899993896484,20884
2022-07-13T00:00:00Z,27.997100830078125,29.05120086669922,27.65999984741211,27.756399154663086,16868
2022-07-14T00:00:00Z,26.8700008392334,26.8700008392334,25.152599334716797,26.100000381469727,30885
2022-07-15T00:00:00Z,25.5,26.969900131225586,25.489299774169922,26.53860092163086,20322
2022-07-18T00:00:00Z,26.81999969482422,28.0,26.81999969482422,27.430999755859375,2380
2022-07-19T00:00:00Z,27.68000030517578,28.020000457763672,27.204999923706055,27.204999923706055,6375
2022-07-20T00:00:00Z,28.31999969482422,29.0,27.700000762939453,28.299999237060547,10768
2022-07-21T00:00:00Z,27.3700008392334,29.0,27.329999923706055,28.770000457763672,7227
2022-07-22T00:00:00Z,29.0,30.229999542236328,28.97010040283203,29.5,12646
2022-07-25T00:00:00Z,29.049999237060547,29.648700714111328,29.049999237060547,29.299999237060547,7601
2022-07-26T00:00:00Z,29.34000015258789,29.999900817871094,28.200000762939453,28.510000228881836,32089
2022-07-27T00:00:00Z,29.549999237060547,29.549999237060547,28.32069969177246,29.125,2898
2022-07-28T00:00:00Z,28.25,29.3700008392334,28.25,28.750099182128906,12541
2022-07-29T00:00:00Z,29.559999465942383,32.042301177978516,29.3700008392334,31.670000076293945,50947
2022-08-01T00:00:00Z,31.700000762939453,32.41999816894531,31.010000228881836,32.32830047607422,14172
2022-08-02T00:00:00Z,30.3700008392334,31.889999389648438,29.440000534057617,29.56999969482422,47436
2022-08-03T00:00:00Z,32.20000076293945,32.20000076293945,29.5,30.0,7528
2022-08-04T00:00:00Z,29.020000457763672,30.030000686645508,29.020000457763672,29.567699432373047,7014
2022-08-05T00:00:00Z,29.149999618530273,29.72249984741211,29.149999618530273,29.543699264526367,4611
2022-08-08T00:00:00Z,29.530000686645508,29.530000686645508,28.520000457763672,28.7322998046875,5801
2022-08-09T00:00:00Z,28.950000762939453,29.530000686645508,28.239999771118164,28.7947998046875,10221
2022-08-10T00:00:00Z,29.6299991607666,30.1200008392334,29.6299991607666,29.68000030517578,3784
2022-08-11T00:00:00Z,31.309999465942383,31.760000228881836,31.030000686645508,31.469200134277344,19507
2022-08-12T00:00:00Z,30.829999923706055,31.0,30.621400833129883,30.88800048828125,5696
2022-08-15T00:00:00Z,30.0,30.0,28.81999969482422,29.380699157714844,11301
2022-08-16T00:00:00Z,29.309999465942383,30.030000686645508,29.309999465942383,29.808500289916992,8912
2022-08-17T00:00:00Z,29.600000381469727,29.600000381469727,28.86009979248047,29.175800323486328,7104
2022-08-18T00:00:00Z,28.969999313354492,29.760000228881836,28.510000228881836,28.738500595092773,13450
2022-08-19T00:00:00Z,29.950000762939453,30.229999542236328,29.219999313354492,29.219999313354492,14800
2022-08-22T00:00:00Z,29.0,29.780000686645508,29.0,29.709999084472656,10148
2022-08-23T00:00:00Z,28.610000610351562,29.420000076293945,28.610000610351562,28.844499588012695,9071
2022-08-24T00:00:00Z,28.290000915527344,28.829999923706055,28.100000381469727,28.36039924621582,8644
2022-08-25T00:00:00Z,29.378599166870117,29.378599166870117,28.510000228881836,29.10700035095215,136506
2022-08-26T00:00:00Z,29.100000381469727,29.1299991607666,28.40999984741211,28.721599578857422,73878
2022-08-29T00:00:00Z,27.969999313354492,28.309999465942383,27.68000030517578,27.718299865722656,62810
2022-08-30T00:00:00Z,28.56999969482422,28.6299991607666,28.325000762939453,28.334999084472656,4708
2022-08-31T00:00:00Z,28.760000228881836,28.760000228881836,28.309999465942383,28.309999465942383,2285
2022-09-01T00:00:00Z,27.68000030517578,27.68000030517578,26.8700008392334,27.040599822998047,29158
2022-09-02T00:00:00Z,29.209999084472656,29.209999084472656,26.709999084472656,27.297800064086914,5623
2022-09-06T00:00:00Z,27.8799991607666,28.806499481201172,27.8799991607666,28.69700050354004,8693
2022-09-07T00:00:00Z,28.5,28.950000762939453,28.260499954223633,28.931499481201172,30770
2022-09-08T00:00:00Z,28.889999389648438,29.450000762939453,28.889999389648438,29.15999984741211,6259
2022-09-09T00:00:00Z,29.56999969482422,30.719900131225586,29.5,30.675100326538086,16553
2022-09-12T00:00:00Z,31.299999237060547,32.75,31.239500045776367,32.30500030517578,22218
2022-09-13T00:00:00Z,32.45000076293945,32.45000076293945,31.72010040283203,31.896799087524414,22724
2022-09-14T00:00:00Z,31.6200008392334,32.29199981689453,31.510000228881836,32.2150993347168,7111
2022-09-15T00:00:00Z,31.5,31.5,30.40999984741211,30.719999313354492,14206
2022-09-16T00:00:00Z,31.6200008392334,32.709999084472656,31.6200008392334,32.466400146484375,16477
2022-09-19T00:00:00Z,32.20000076293945,32.849998474121094,32.19919967651367,32.769100189208984,9046
2022-09-20T00:00:00Z,32.939998626708984,33.380001068115234,32.7599983215332,33.130001068115234,14139
2022-09-21T00:00:00Z,32.639400482177734,33.130001068115234,32.349998474121094,32.67499923706055,8245
2022-09-22T00:00:00Z,33.119998931884766,33.119998931884766,32.23500061035156,32.23500061035156,6871
2022-09-23T00:00:00Z,31.030099868774414,31.306499481201172,30.736000061035156,30.8799991607666,36314
2022-09-26T00:00:00Z,30.280000686645508,30.280000686645508,29.010000228881836,29.219999313354492,15370
2022-09-27T00:00:00Z,29.260000228881836,31.251699447631836,28.5,28.769699096679688,77255
2022-09-28T00:00:00Z,28.81999969482422,29.553699493408203,28.700000762939453,29.050399780273438,6781
2022-09-29T00:00:00Z,30.0,31.200000762939453,29.56999969482422,29.99799919128418,5299
2022-09-30T00:00:00Z,29.850000381469727,29.969999313354492,28.0,28.232200622558594,12647
2022-10-03T00:00:00Z,28.950000762939453,28.950000762939453,27.308799743652344,28.360000610351562,6934
2022-10-04T00:00:00Z,28.979999542236328,29.270000457763672,28.11090087890625,29.10260009765625,13315
2022-10-05T00:00:00Z,29.110000610351562,31.110000610351562,29.100000381469727,30.38990020751953,6955
2022-10-06T00:00:00Z,31.899999618530273,31.899999618530273,29.81999969482422,30.04829978942871,2121
2022-10-07T00:00:00Z,30.469999313354492,30.469999313354492,29.31999969482422,29.509700775146484,4298
2022-10-10T00:00:00Z,29.329999923706055,29.959999084472656,29.329999923706055,29.626300811767578,3464
2022-10-11T00:00:00Z,28.80139923095703,29.075000762939453,28.700000762939453,28.774900436401367,2592
2022-10-12T00:00:00Z,29.18000030517578,30.409900665283203,28.739999771118164,30.094999313354492,4782
2022-10-13T00:00:00Z,29.049999237060547,29.649999618530273,28.610000610351562,29.59000015258789,3015
2022-10-14T00:00:00Z,29.200000762939453,29.940000534057617,28.719999313354492,29.329999923706055,4403
2022-10-17T00:00:00Z,28.738000869750977,28.889999389648438,28.399999618530273,28.399999618530273,5871
2022-10-18T00:00:00Z,29.128700256347656,29.489999771118164,28.530000686645508,28.75040054321289,12320
2022-10-19T00:00:00Z,28.899999618530273,29.210899353027344,28.739999771118164,29.210899353027344,1851
2022-10-20T00:00:00Z,29.239999771118164,29.739999771118164,28.940000534057617,28.988399505615234,7826
2022-10-21T00:00:00Z,29.0,29.350000381469727,28.909700393676758,29.350000381469727,2946
2022-10-24T00:00:00Z,28.93000030517578,29.479999542236328,28.93000030517578,29.230100631713867,3242
2022-10-25T00:00:00Z,29.6200008392334,29.8700008392334,29.6200008392334,29.620100021362305,4489
2022-10-26T00:00:00Z,30.010000228881836,30.269899368286133,29.799999237060547,30.135000228881836,6078
2022-10-27T00:00:00Z,30.829999923706055,30.829999923706055,29.360000610351562,29.470600128173828,1252
2022-10-28T00:00:00Z,29.209999084472656,29.670000076293945,29.020000457763672,29.179800033569336,6906
2022-10-31T00:00:00Z,29.200000762939453,29.200000762939453,28.770000457763672,29.093299865722656,965
2022-11-01T00:00:00Z,29.670000076293945,31.010000228881836,29.670000076293945,30.805099487304688,5462
2022-11-02T00:00:00Z,31.010000228881836,32.09000015258789,31.010000228881836,31.489900588989258,45991
2022-11-03T00:00:00Z,30.329999923706055,30.850000381469727,30.199899673461914,30.199899673461914,2370
2022-11-04T00:00:00Z,33.220001220703125,33.220001220703125,31.510000228881836,31.616300582885742,10584
2022-11-07T00:00:00Z,30.547800064086914,31.08989906311035,30.547800064086914,30.83009910583496,1433
2022-11-08T00:00:00Z,31.40999984741211,31.989999771118164,31.299999237060547,31.649900436401367,4063
2022-11-09T00:00:00Z,32.15999984741211,32.97999954223633,32.15999984741211,32.70009994506836,12114
2022-11-10T00:00:00Z,33.72999954223633,35.185001373291016,32.79999923706055,34.798301696777344,11892
2022-11-11T00:00:00Z,35.7400016784668,36.290000915527344,33.810001373291016,36.15079879760742,66194
2022-11-14T00:00:00Z,36.20000076293945,38.63999938964844,36.20000076293945,38.62200164794922,24507
2022-11-15T00:00:00Z,38.880001068115234,41.18000030517578,38.41999816894531,39.12419891357422,34802
2022-11-16T00:00:00Z,36.20000076293945,36.900001525878906,35.18000030517578,35.2494010925293,51839
2022-11-17T00:00:00Z,34.81999969482422,34.81999969482422,33.5,33.68000030517578,53747
2022-11-18T00:00:00Z,33.88999938964844,34.1161003112793,33.41999816894531,34.1161003112793,3819
2022-11-21T00:00:00Z,33.0,33.970001220703125,32.27000045776367,33.36180114746094,28639
2022-11-22T00:00:00Z,34.040000915527344,35.89289855957031,34.040000915527344,34.720001220703125,10684
2022-11-23T00:00:00Z,34.599998474121094,35.2599983215332,34.5,35.060001373291016,5121
2022-11-25T00:00:00Z,34.400001525878906,34.70349884033203,33.70000076293945,33.7400016784668,10724
2022-11-28T00:00:00Z,33.59000015258789,34.09000015258789,33.522499084472656,33.72930145263672,6660
2022-11-29T00:00:00Z,35.099998474121094,36.2599983215332,34.959999084472656,35.45899963378906,5233
2022-11-30T00:00:00Z,35.58000183105469,35.73500061035156,35.33000183105469,35.65999984741211,16930
2022-12-01T00:00:00Z,36.38999938964844,36.81999969482422,35.91999816894531,36.81999969482422,9765
2022-12-02T00:00:00Z,36.5,38.21900177001953,36.5,37.220001220703125,4201
2022-12-05T00:00:00Z,37.7599983215332,38.369998931884766,37.16999816894531,37.58649826049805,11187
2022-12-06T00:00:00Z,37.880001068115234,38.959999084472656,37.880001068115234,38.3650016784668,7739
2022-12-07T00:00:00Z,38.83000183105469,42.400001525878906,38.83000183105469,41.14780044555664,16992
2022-12-08T00:00:00Z,41.79999923706055,41.79999923706055,38.79999923706055,39.652198791503906,15135
2022-12-09T00:00:00Z,39.709999084472656,40.61000061035156,38.0,38.0,5128
2022-12-12T00:00:00Z,39.02000045776367,39.87049865722656,38.40999984741211,39.19990158081055,2665
2022-12-13T00:00:00Z,38.69499969482422,38.69499969482422,37.060001373291016,37.099998474121094,4111
2022-12-14T00:00:00Z,37.93000030517578,38.189998626708984,37.0,37.489898681640625,10338
2022-12-15T00:00:00Z,37.189998626708984,38.189998626708984,37.189998626708984,38.04069900512695,22830
2022-12-16T00:00:00Z,38.41999816894531,38.5,37.540000915527344,38.02000045776367,4541
2022-12-19T00:00:00Z,38.0,38.0,35.93009948730469,35.95000076293945,7898
2022-12-20T00:00:00Z,36.720001220703125,38.5,36.720001220703125,37.20000076293945,67176
2022-12-21T00:00:00Z,38.0,39.729000091552734,38.0,39.53129959106445,6645
2022-12-22T00:00:00Z,39.5,39.790000915527344,37.900001525878906,39.150001525878906,9194
2022-12-23T00:00:00Z,39.375,39.534000396728516,39.130001068115234,39.534000396728516,1729
2022-12-27T00:00:00Z,39.599998474121094,41.79999923706055,39.54999923706055,40.93000030517578,16041
2022-12-28T00:00:00Z,39.869998931884766,41.57640075683594,39.869998931884766,40.119998931884766,158049
2022-12-29T00:00:00Z,39.900001525878906,40.130001068115234,39.77000045776367,40.08000183105469,2470
2022-12-30T00:00:00Z,40.900001525878906,40.900001525878906,39.54999923706055,39.72529983520508,15614
2023-01-03T00:00:00Z,41.15999984741211,41.88639831542969,40.70000076293945,41.2599983215332,31749
2023-01-04T00:00:00Z,41.4900016784668,41.4900016784668,38.599998474121094,38.81999969482422,153492
2023-01-05T00:00:00Z,38.869998931884766,38.869998931884766,36.540000915527344,37.0,172357
2023-01-06T00:00:00Z,38.0,38.689998626708984,36.75,38.20000076293945,149069
2023-01-09T00:00:00Z,37.099998474121094,37.099998474121094,36.2599983215332,36.29999923706055,104107
2023-01-10T00:00:00Z,36.790000915527344,36.849998474121094,36.220001220703125,36.40999984741211,59554
2023-01-11T00:00:00Z,36.84000015258789,36.90999984741211,33.5099983215332,34.36000061035156,240199
2023-01-12T00:00:00Z,35.0,36.790000915527344,34.56999969482422,36.70000076293945,95484
2023-01-13T00:00:00Z,36.209999084472656,36.36000061035156,35.029998779296875,35.79990005493164,22099
2023-01-17T00:00:00Z,35.70000076293945,36.419898986816406,35.0099983215332,35.439998626708984,12053
2023-01-18T00:00:00Z,36.47999954223633,37.400001525878906,36.34000015258789,37.150001525878906,71042
2023-01-19T00:00:00Z,37.689998626708984,39.215301513671875,37.689998626708984,38.720001220703125,22443
2023-01-20T00:00:00Z,38.4900016784668,38.51070022583008,37.10179901123047,37.619998931884766,7215
2023-01-23T00:00:00Z,37.630001068115234,37.95000076293945,36.68000030517578,37.679901123046875,19992
2023-01-24T00:00:00Z,37.72999954223633,38.93000030517578,37.72999954223633,38.459999084472656,13129
2023-01-25T00:00:00Z,38.939998626708984,39.27000045776367,38.5,38.970001220703125,7259
2023-01-26T00:00:00Z,39.08000183105469,39.39500045776367,38.599998474121094,39.1599006652832,12247
2023-01-27T00:00:00Z,38.70000076293945,38.70000076293945,38.28810119628906,38.28810119628906,4265
2023-01-30T00:00:00Z,38.779998779296875,39.93000030517578,38.779998779296875,39.35499954223633,8504
2023-01-31T00:00:00Z,39.36000061035156,40.29999923706055,39.18159866333008,40.17499923706055,5824
2023-02-01T00:00:00Z,39.36000061035156,39.499900817871094,38.38999938964844,39.269901275634766,9017
2023-02-02T00:00:00Z,39.38999938964844,39.84989929199219,39.11000061035156,39.749900817871094,3904
2023-02-03T00:00:00Z,38.31999969482422,39.06999969482422,37.310001373291016,37.310001373291016,17073
2023-02-06T00:00:00Z,36.45000076293945,37.68000030517578,35.65999984741211,35.95899963378906,12009
2023-02-07T00:00:00Z,36.314998626708984,36.98460006713867,35.500099182128906,36.97990036010742,10146
2023-02-08T00:00:00Z,36.84000015258789,36.84000015258789,35.88999938964844,36.66999816894531,4338
2023-02-09T00:00:00Z,37.09000015258789,38.5099983215332,37.09000015258789,38.3656005859375,181172
2023-02-10T00:00:00Z,37.06999969482422,37.06999969482422,36.41130065917969,36.89030075073242,10701
2023-02-13T00:00:00Z,36.15999984741211,36.15999984741211,35.21369934082031,35.21369934082031,15092
2023-02-14T00:00:00Z,35.11000061035156,35.58000183105469,35.0,35.58000183105469,11265
2023-02-15T00:00:00Z,35.0,35.15719985961914,34.230098724365234,34.790000915527344,29060
2023-02-16T00:00:00Z,34.619998931884766,35.419898986816406,34.619998931884766,35.419898986816406,1619
2023-02-17T00:00:00Z,35.16999816894531,35.16999816894531,34.0,34.499900817871094,3351
2023-02-21T00:00:00Z,35.557098388671875,36.20000076293945,35.5,35.9900016784668,7048
2023-02-22T00:00:00Z,35.43000030517578,35.810001373291016,34.66999816894531,35.22549819946289,3209
2023-02-23T00:00:00Z,34.0,34.150001525878906,33.635101318359375,33.73849868774414,6489
2023-02-24T00:00:00Z,33.15999984741211,33.38999938964844,32.0099983215332,32.5,20021
2023-02-27T00:00:00Z,33.0,33.859901428222656,33.0,33.859901428222656,10980
2023-02-28T00:00:00Z,33.09000015258789,33.279998779296875,32.5,32.83000183105469,3695
2023-03-01T00:00:00Z,32.81999969482422,33.669898986816406,32.81999969482422,33.669898986816406,6014
2023-03-02T00:00:00Z,32.0,33.31990051269531,32.0,32.589900970458984,13484
2023-03-03T00:00:00Z,31.889999389648438,33.060001373291016,31.889999389648438,32.62799835205078,11803
2023-03-06T00:00:00Z,32.45000076293945,32.97990036010742,32.190101623535156,32.81990051269531,7881
2023-03-07T00:00:00Z,31.700000762939453,32.599998474121094,31.549999237060547,32.1327018737793,8996
2023-03-08T00:00:00Z,31.860000610351562,31.969999313354492,31.55739974975586,31.59000015258789,5172
2023-03-09T00:00:00Z,31.299999237060547,31.299999237060547,30.610000610351562,30.7632999420166,4861
2023-03-10T00:00:00Z,30.329999923706055,30.799999237060547,29.959299087524414,30.295000076293945,10129
2023-03-13T00:00:00Z,30.690000534057617,31.299999237060547,30.420000076293945,30.644899368286133,2957
2023-03-14T00:00:00Z,30.940000534057617,30.950000762939453,30.5,30.700000762939453,6931
2023-03-15T00:00:00Z,31.139999389648438,31.139999389648438,30.299999237060547,30.759899139404297,6907
2023-03-16T00:00:00Z,30.56999969482422,31.299999237060547,30.299999237060547,31.009899139404297,15146
2023-03-17T00:00:00Z,31.049999237060547,31.5,30.799999237060547,31.171300888061523,89929
2023-03-20T00:00:00Z,30.600000381469727,30.649999618530273,30.020000457763672,30.224899291992188,18392
2023-03-21T00:00:00Z,30.020000457763672,30.270000457763672,29.75,29.780000686645508,4944
2023-03-22T00:00:00Z,29.970800399780273,30.485000610351562,29.8799991607666,30.440000534057617,2138
2023-03-23T00:00:00Z,29.5,30.076200485229492,29.5,29.940000534057617,4946
2023-03-24T00:00:00Z,30.3700008392334,31.2278995513916,30.3700008392334,31.2278995513916,5972
2023-03-27T00:00:00Z,31.549999237060547,31.600000381469727,31.260099411010742,31.3799991607666,5498
2023-03-28T00:00:00Z,31.899999618530273,32.29999923706055,31.6299991607666,31.875,6899
2023-03-29T00:00:00Z,32.04999923706055,32.04999923706055,31.170000076293945,31.45240020751953,5900
2023-03-30T00:00:00Z,31.450000762939453,31.450000762939453,30.41010093688965,30.726900100708008,8263
2023-03-31T00:00:00Z,31.139999389648438,31.65999984741211,31.139999389648438,31.459999084472656,1208
2023-04-03T00:00:00Z,31.517900466918945,31.8700008392334,30.310100555419922,30.50349998474121,9769
2023-04-04T00:00:00Z,31.31760025024414,31.31760025024414,30.5,30.513900756835938,2511
2023-04-05T00:00:00Z,30.100000381469727,30.407499313354492,29.829999923706055,30.010000228881836,8894
2023-04-06T00:00:00Z,29.8799991607666,30.700000762939453,29.8799991607666,30.6299991607666,6940
2023-04-10T00:00:00Z,30.260000228881836,30.469900131225586,30.225500106811523,30.389999389648438,1670
2023-04-11T00:00:00Z,31.149999618530273,31.472200393676758,31.149999618530273,31.472200393676758,7063
2023-04-12T00:00:00Z,31.219999313354492,31.469900131225586,31.025999069213867,31.280000686645508,2984
2023-04-13T00:00:00Z,31.440000534057617,31.68000030517578,31.219999313354492,31.554800033569336,3476
2023-04-14T00:00:00Z,32.0,32.849998474121094,31.6200008392334,32.538299560546875,9786
2023-04-17T00:00:00Z,32.4900016784668,33.089900970458984,32.189998626708984,32.9900016784668,22715
2023-04-18T00:00:00Z,33.560001373291016,34.130001068115234,33.1609992980957,33.875701904296875,20228
2023-04-19T00:00:00Z,33.400001525878906,34.169898986816406,33.400001525878906,33.87179946899414,5358
2023-04-20T00:00:00Z,34.34000015258789,34.34000015258789,32.7599983215332,33.099998474121094,6879
2023-04-21T00:00:00Z,32.04999923706055,32.689998626708984,32.04999923706055,32.61220169067383,7035
2023-04-24T00:00:00Z,32.054100036621094,32.459999084472656,32.029998779296875,32.27989959716797,13123
2023-04-25T00:00:00Z,31.75,31.75,30.68000030517578,30.68000030517578,10904
2023-04-26T00:00:00Z,31.0,31.73270034790039,31.0,31.30970001220703,3312
2023-04-27T00:00:00Z,31.420000076293945,32.00469970703125,31.420000076293945,32.00469970703125,1458
2023-04-28T00:00:00Z,31.209999084472656,32.5349006652832,31.209999084472656,32.26190185546875,2714
2023-05-01T00:00:00Z,31.559999465942383,32.970001220703125,31.559999465942383,32.585601806640625,4670
2023-05-02T00:00:00Z,32.64350128173828,33.349998474121094,32.64350128173828,33.12009811401367,6793
2023-05-03T00:00:00Z,33.15999984741211,33.38999938964844,32.540000915527344,32.876399993896484,9381
2023-05-04T00:00:00Z,31.92009925842285,32.05270004272461,31.854999542236328,31.961599349975586,3914
2023-05-05T00:00:00Z,31.44379997253418,33.21900177001953,31.44379997253418,32.91640090942383,1307
2023-05-08T00:00:00Z,32.70000076293945,33.489898681640625,32.70000076293945,33.16939926147461,1159
2023-05-09T00:00:00Z,31.75,31.75,31.020000457763672,31.293399810791016,7406
2023-05-10T00:00:00Z,30.350000381469727,30.350000381469727,29.860000610351562,30.0,5454
2023-05-11T00:00:00Z,29.200000762939453,29.36989974975586,29.020000457763672,29.110000610351562,9095
2023-05-12T00:00:00Z,29.65999984741211,29.65999984741211,29.399999618530273,29.55500030517578,2222
2023-05-15T00:00:00Z,29.0,29.299999237060547,28.81999969482422,28.956300735473633,8213
2023-05-16T00:00:00Z,28.5,28.5,27.729999542236328,28.0049991607666,9936
2023-05-17T00:00:00Z,28.200000762939453,28.940000534057617,28.200000762939453,28.534299850463867,3339
2023-05-18T00:00:00Z,27.579999923706055,28.0,27.579999923706055,27.833999633789062,38255
2023-05-19T00:00:00Z,28.280000686645508,28.940000534057617,28.149999618530273,28.650100708007812,29452
2023-05-22T00:00:00Z,28.260000228881836,28.510000228881836,28.260000228881836,28.3799991607666,4470
2023-05-23T00:00:00Z,27.860000610351562,28.5,27.600000381469727,27.786300659179688,7172
2023-05-24T00:00:00Z,27.8700008392334,27.8700008392334,27.53499984741211,27.62849998474121,3062
2023-05-25T00:00:00Z,28.360000610351562,28.719999313354492,27.99489974975586,27.99489974975586,3567
2023-05-26T00:00:00Z,28.3700008392334,28.3700008392334,28.000200271606445,28.000200271606445,2503
2023-05-30T00:00:00Z,28.25,28.25,27.79010009765625,27.895000457763672,3794
2023-05-31T00:00:00Z,27.190000534057617,27.415000915527344,27.049999237060547,27.415000915527344,6004
2023-06-01T00:00:00Z,27.700000762939453,28.487899780273438,27.690000534057617,28.46500015258789,3024
2023-06-02T00:00:00Z,28.5049991607666,28.5049991607666,27.799999237060547,27.905000686645508,4820
2023-06-05T00:00:00Z,27.860000610351562,27.986000061035156,27.5,27.684999465942383,4355
2023-06-06T00:00:00Z,27.9512996673584,27.95599937438965,27.6200008392334,27.939300537109375,2640
2023-06-07T00:00:00Z,28.170000076293945,28.479999542236328,28.170000076293945,28.399999618530273,4155
2023-06-08T00:00:00Z,28.399999618530273,28.399999618530273,28.399999618530273,28.399999618530273,0
2023-06-09T00:00:00Z,28.399999618530273,28.399999618530273,28.399999618530273,28.399999618530273,0
2023-06-12T00:00:00Z,28.399999618530273,28.399999618530273,28.399999618530273,28.399999618530273,0
2023-06-13T00:00:00Z,28.399999618530273,28.399999618530273,28.399999618530273,28.399999618530273,0
2023-06-14T00:00:00Z,28.399999618530273,28.399999618530273,28.399999618530273,28.399999618530273,0
2023-06-15T00:00:00Z,28.399999618530273,28.399999618530273,28.399999618530273,28.399999618530273,0
2023-06-16T00:00:00Z,28.399999618530273,28.399999618530273,28.399999618530273,28.399999618530273,0
2023-06-20T00:00:00Z,28.399999618530273,28.399999618530273,28.399999618530273,28.399999618530273,0
2023-06-21T00:00:00Z,28.399999618530273,28.399999618530273,28.399999618530273,28.399999618530273,0
2023-06-22T00:00:00Z,28.399999618530273,28.399999618530273,28.399999618530273,28.399999618530273,0
2023-06-23T00:00:00Z,28.399999618530273,28.399999618530273,28.399999618530273,28.399999618530273,0
2023-06-26T00:00:00Z,28.399999618530273,28.399999618530273,28.399999618530273,28.399999618530273,0
2023-06-27T00:00:00Z,28.399999618530273,28.399999618530273,28.399999618530273,28.399999618530273,0
2023-06-28T00:00:00Z,28.399999618530273,28.399999618530273,28.399999618530273,28.399999618530273,0
2023-06-29T00:00:00Z,28.399999618530273,28.399999618530273,28.399999618530273,28.399999618530273,0
2023-06-30T00:00:00Z,28.399999618530273,28.399999618530273,28.399999618530273,28.399999618530273,0
2023-07-03T00:00:00Z,28.399999618530273,28.399999618530273,28.399999618530273,28.399999618530273,0
2023-07-05T00:00:00Z,28.399999618530273,28.399999618530273,28.399999618530273,28.399999618530273,0
2023-07-06T00:00:00Z,28.399999618530273,28.399999618530273,28.399999618530273,28.399999618530273,0
2023-07-07T00:00:00Z,28.399999618530273,28.399999618530273,28.399999618530273,28.399999618530273,0
2023-07-10T00:00:00Z,28.399999618530273,28.399999618530273,28.399999618530273,28.399999618530273,0
2023-07-11T00:00:00Z,28.399999618530273,28.399999618530273,28.399999618530273,28.399999618530273,0
2023-07-12T00:00:00Z,28.399999618530273,28.399999618530273,28.399999618530273,28.399999618530273,0
2023-07-13T00:00:00Z,28.399999618530273,28.399999618530273,28.399999618530273,28.399999618530273,0
2023-07-14T00:00:00Z,28.399999618530273,28.399999618530273,28.399999618530273,28.399999618530273,0
2023-07-17T00:00:00Z,28.399999618530273,28.399999618530273,28.399999618530273,28.399999618530273,0
2023-07-18T00:00:00Z,28.399999618530273,28.399999618530273,28.399999618530273,28.399999618530273,0
2023-07-19T00:00:00Z,28.399999618530273,28.399999618530273,28.399999618530273,28.399999618530273,0
2023-07-20T00:00:00Z,28.399999618530273,28.399999618530273,28.399999618530273,28.399999618530273,0
2023-07-21T00:00:00Z,28.399999618530273,28.399999618530273,28.399999618530273,28.399999618530273,0
